Name,Team,PA,1B,2B,3B,HR,BB,SO,FB%,GB%,NameASCII,PlayerId,MLBAMID
"Everth Cabrera","BAL",105,18,2,0,0,5,22,0.138888888,0.666666666,"Everth Cabrera",8155,465784
"Rusney Castillo","BOS",289,52,10,2,5,13,54,0.232876712,0.634703196,"Rusney Castillo",17016,628329
"Christian Yelich","MIA",525,104,30,2,7,47,101,0.150134048,0.624664879,"Christian Yelich",11477,592885
"Eury Pérez","ATL",133,28,4,0,0,7,23,0.168539325,0.617977528,"Eury Perez",10299,516811
"Daniel Castro","ATL",100,18,2,1,2,3,15,0.24691358,0.61728395,"Daniel Castro",15450,593495
"Luis Sardinas","MIL",105,18,0,1,0,6,25,0.246575342,0.616438356,"Luis Sardinas",13153,596143
"Ezequiel Carrera","TOR",192,36,8,0,3,11,45,0.225,0.608333333,"Ezequiel Carrera",9048,485567
"Norichika Aoki","SFG",392,82,12,3,5,30,25,0.199386503,0.607361963,"Norichika Aoki",13075,493114
"Will Venable","- - -",390,63,13,3,6,37,94,0.216,0.604,"Will Venable",211,461416
"Jon Jay","STL",245,37,5,1,1,19,36,0.181818181,0.602272727,"Jon Jay",5227,445055
"Dee Strange-Gordon","MIA",653,169,24,8,4,25,91,0.187122736,0.597585513,"Dee Strange-Gordon",8203,543829
"Sam Fuld","OAK",325,36,16,3,2,30,55,0.224137931,0.594827586,"Sam Fuld",8254,453539
"Jean Segura","MIL",584,117,16,5,6,13,93,0.24248927,0.590128755,"Jean Segura",5933,516416
"Howie Kendrick","LAD",495,104,22,2,9,27,82,0.167101827,0.587467362,"Howie Kendrick",4229,435062
"Micah Johnson","CHW",114,19,4,0,0,9,30,0.2,0.584615384,"Micah Johnson",13809,608672
"Ichiro Suzuki","MIA",438,79,5,6,1,31,51,0.23209169,0.58452722,"Ichiro Suzuki",1101,400085
"Andrew Romine","DET",203,40,5,0,2,11,46,0.218978102,0.583941605,"Andrew Romine",1159,461865
"Joey Butler","TBR",276,51,12,0,8,16,82,0.205714285,0.582857142,"Joey Butler",7799,542994
"Cameron Maybin","ATL",555,105,18,2,10,45,102,0.200495049,0.57920792,"Cameron Maybin",5223,457727
"Jonathan Villar","HOU",128,23,7,1,2,10,29,0.229885057,0.574712643,"Jonathan Villar",10071,542340
"Desmond Jennings","TBR",108,22,2,1,1,8,17,0.243902439,0.573170731,"Desmond Jennings",1965,457775
"Jason Heyward","STL",610,110,33,4,13,56,90,0.234782608,0.57173913,"Jason Heyward",4940,518792
"JB Shuck","CHW",165,28,8,2,0,16,16,0.25,0.5703125,"JB Shuck",6677,543776
"Michael Morse","- - -",256,40,7,1,5,23,76,0.176470588,0.56862745,"Michael Morse",3035,434604
"Eduardo Núñez","MIN",204,34,14,1,4,12,29,0.270967741,0.567741935,"Eduardo Nunez",6848,456488
"Casey McGehee","- - -",258,33,12,0,2,21,50,0.245989304,0.566844919,"Casey McGehee",6086,431171
"Andrelton Simmons","ATL",583,113,23,2,4,39,48,0.22406639,0.562240663,"Andrelton Simmons",10847,592743
"Jose Iglesias","DET",454,103,17,3,2,25,44,0.231607629,0.558583106,"Jose Iglesias",10231,578428
"Kelby Tomlinson","SFG",193,43,6,3,2,14,40,0.166666666,0.557971014,"Kelby Tomlinson",13005,605509
"Joe Mauer","MIN",666,111,34,2,10,67,112,0.201663201,0.557172557,"Joe Mauer",1857,408045
"Phil Gosselin","- - -",118,20,9,1,3,9,16,0.255555555,0.555555555,"Phil Gosselin",10953,594838
"Wilson Ramos","WSN",504,78,16,0,15,21,101,0.248691099,0.554973821,"Wilson Ramos",1433,467092
"Miguel Rojas","MIA",157,31,7,1,1,11,16,0.208,0.552,"Miguel Rojas",7802,500743
"Yasmany Tomás","ARI",426,80,19,3,9,17,110,0.232323232,0.548821548,"Yasmany Tomas",17171,630111
"Juan Lagares","NYM",465,87,16,5,6,16,87,0.30965909,0.548295454,"Juan Lagares",5384,501571
"Ben Revere","- - -",634,150,22,7,2,32,64,0.189292543,0.546845124,"Ben Revere",4712,519184
"Wilin Rosario","COL",242,41,14,1,6,8,56,0.255681818,0.545454545,"Wilin Rosario",8002,501647
"Yunel Escobar","WSN",591,133,25,1,9,45,70,0.231759656,0.545064377,"Yunel Escobar",4191,488862
"DJ LeMahieu","COL",620,138,21,5,6,50,107,0.194748358,0.544857768,"DJ LeMahieu",9874,518934
"David Freese","LAA",470,68,27,0,14,31,107,0.28125,0.54375,"David Freese",9549,501896
"César Hernández","PHI",452,85,20,4,1,40,86,0.218543046,0.543046357,"Cesar Hernandez",10556,514917
"Jason Rogers","MIL",169,33,6,2,4,15,34,0.296610169,0.542372881,"Jason Rogers",11773,595386
"Danny Santana","MIN",277,41,10,5,0,6,68,0.259668508,0.541436464,"Danny Santana",10322,542454
"Starlin Castro","CHC",578,109,23,2,11,21,91,0.289130434,0.541304347,"Starlin Castro",4579,516770
"Hunter Pence","SFG",223,34,13,1,9,16,48,0.289308176,0.540880503,"Hunter Pence",8252,452254
"Ryan Goins","TOR",428,69,16,4,5,39,83,0.278911564,0.540816326,"Ryan Goins",9807,572365
"Yolmer Sánchez","CHW",420,58,23,1,5,19,81,0.231270358,0.540716612,"Yolmer Sanchez",11602,570560
"Anthony Gose","DET",535,86,24,8,5,45,145,0.251552795,0.54037267,"Anthony Gose",5097,543238
"Jarrod Dyson","KCR",225,34,8,6,2,14,37,0.227272727,0.538961038,"Jarrod Dyson",4866,502481
"Chris Stewart","PIT",172,38,8,0,0,6,29,0.238461538,0.538461538,"Chris Stewart",3878,455755
"Cole Gillespie","MIA",157,28,10,2,2,10,27,0.299145299,0.538461538,"Cole Gillespie",5888,502261
"Starling Marte","PIT",633,115,30,2,19,27,123,0.226666666,0.537777777,"Starling Marte",9241,516782
"Tyler Saladino","CHW",254,39,6,4,4,12,51,0.234972677,0.535519125,"Tyler Saladino",10807,573135
"Ian Desmond","WSN",641,88,27,2,19,45,187,0.309823677,0.534005037,"Ian Desmond",6885,435622
"Ehire Adrianza","SFG",134,13,7,1,0,15,20,0.322222222,0.533333333,"Ehire Adrianza",8418,501303
"Roberto Pérez","CLE",226,25,9,1,7,33,64,0.270491803,0.532786885,"Roberto Perez",2900,547379
"Corey Seager","LAD",113,20,8,1,4,14,19,0.265822784,0.531645569,"Corey Seager",13624,608369
"Xander Bogaerts","BOS",654,151,35,3,7,32,101,0.2578125,0.529296875,"Xander Bogaerts",12161,593428
"Pedro Álvarez","PIT",491,61,18,0,27,48,131,0.268608414,0.52750809,"Pedro Alvarez",2495,476883
"John Jaso","TBR",216,31,17,0,5,28,39,0.256756756,0.527027027,"John Jaso",5887,444379
"Brock Holt","BOS",509,92,27,6,2,46,97,0.235294117,0.526610644,"Brock Holt",9345,571788
"Matt Duffy","SFG",612,123,28,6,12,30,96,0.265135699,0.526096033,"Matt Duffy",13836,622110
"Erick Aybar","LAA",638,127,30,1,3,25,73,0.263888888,0.52579365,"Erick Aybar",4082,430947
"Mike Olt","- - -",102,14,0,0,4,7,35,0.33898305,0.525423728,"Mike Olt",10698,592609
"Danny Valencia","- - -",378,58,23,1,18,29,80,0.303370786,0.524344569,"Danny Valencia",6364,502143
"Ender Inciarte","ARI",561,121,27,5,6,26,58,0.258771929,0.524122807,"Ender Inciarte",4922,542255
"Shane Peterson","MIL",226,40,7,3,2,20,55,0.210884353,0.523809523,"Shane Peterson",7423,451089
"Ike Davis","OAK",239,29,17,0,3,23,44,0.279069767,0.523255813,"Ike Davis",8433,477195
"Ketel Marte","SEA",247,43,14,3,2,24,43,0.261627906,0.523255813,"Ketel Marte",13613,606466
"Nick Markakis","ATL",686,139,38,1,3,70,83,0.26981132,0.522641509,"Nick Markakis",5930,455976
"Tony Cruz","STL",151,19,7,1,2,6,32,0.324324324,0.522522522,"Tony Cruz",2802,488810
"Ryan Hanigan","BOS",201,33,8,0,2,20,39,0.235294117,0.522058823,"Ryan Hanigan",4952,452672
"Jason Bourgeois","CIN",212,37,5,2,3,14,33,0.273291925,0.52173913,"Jason Bourgeois",2225,430652
"Francisco Cervelli","PIT",510,104,17,5,7,46,94,0.268907563,0.521008403,"Francisco Cervelli",5275,465041
"David Peralta","ARI",517,91,26,10,17,44,107,0.265927977,0.520775623,"David Peralta",2136,444482
"Shane Robinson","MIN",197,35,7,3,0,12,29,0.322368421,0.519736842,"Shane Robinson",4249,453203
"Eric Hosmer","KCR",667,122,33,5,18,61,108,0.244353182,0.519507186,"Eric Hosmer",3516,543333
"Leonys Martin","TEX",310,46,12,0,5,16,69,0.33014354,0.516746411,"Leonys Martin",11846,547982
"Skip Schumaker","CIN",268,38,20,0,1,23,51,0.216494845,0.515463917,"Skip Schumaker",3704,435401
"Domingo Santana","- - -",187,23,7,0,8,20,63,0.292929292,0.515151515,"Domingo Santana",10348,570267
"Kristopher Negrón","CIN",107,11,2,0,0,9,23,0.308823529,0.514705882,"Kristopher Negron",5306,502117
"Tommy Pham","STL",173,24,7,5,5,19,41,0.274336283,0.513274336,"Tommy Pham",2967,502054
"Kennys Vargas","MIN",184,33,4,0,5,9,54,0.231404958,0.512396694,"Kennys Vargas",12101,573627
"Austin Jackson","- - -",527,94,25,3,9,29,126,0.245856353,0.511049723,"Austin Jackson",9848,457706
"Adeiny Hechavarría","MIA",499,104,17,6,5,23,78,0.286458333,0.510416666,"Adeiny Hechavarria",10459,588751
"Brayan Peña","CIN",367,74,17,0,0,29,34,0.266891891,0.510135135,"Brayan Pena",3231,430910
"Chris Denorfia","CHC",231,42,11,1,3,15,56,0.24516129,0.509677419,"Chris Denorfia",4400,456121
"Shin-Soo Choo","TEX",653,96,32,3,22,76,147,0.284671532,0.508515815,"Shin-Soo Choo",3174,425783
"Christian Bethancourt","ATL",160,21,8,0,2,5,33,0.311475409,0.508196721,"Christian Bethancourt",10028,542194
"Billy Butler","OAK",601,91,28,1,15,52,101,0.315192743,0.507936507,"Billy Butler",7399,456714
"David Murphy","- - -",391,73,18,1,10,20,49,0.324921135,0.507886435,"David Murphy",6035,461815
"Francisco Lindor","CLE",438,84,22,4,12,27,69,0.286604361,0.507788161,"Francisco Lindor",12916,596019
"Brendan Ryan","NYY",103,14,6,2,0,5,29,0.358208955,0.507462686,"Brendan Ryan",6073,453895
"Adam Eaton","CHW",689,124,28,9,14,58,131,0.272921108,0.507462686,"Adam Eaton",11205,594809
"Hanser Alberto","TEX",104,19,2,1,0,2,17,0.329113924,0.506329113,"Hanser Alberto",11902,593643
"Nick Swisher","- - -",260,28,9,0,6,35,54,0.309523809,0.50595238,"Nick Swisher",4599,430897
"Russell Martin","TOR",507,58,23,2,23,53,106,0.330357142,0.50595238,"Russell Martin",4616,431145
"Robinson Canó","SEA",674,123,34,1,21,43,107,0.253358925,0.504798464,"Robinson Cano",3269,429664
"Cory Spangenberg","SDP",345,56,17,5,4,28,75,0.24537037,0.504629629,"Cory Spangenberg",12294,605486
"Denard Span","WSN",275,52,17,0,5,25,26,0.256756756,0.504504504,"Denard Span",8347,452655
"Dustin Pedroia","BOS",425,79,19,1,12,38,51,0.318318318,0.504504504,"Dustin Pedroia",8370,456030
"Billy Burns","OAK",555,121,18,9,5,26,81,0.280742459,0.503480278,"Billy Burns",12701,542993
"AJ Pollock","ARI",673,127,39,6,20,53,89,0.289523809,0.502857142,"AJ Pollock",9256,572041
"Bobby Wilson","- - -",147,19,5,0,1,11,39,0.29787234,0.5,"Bobby Wilson",6564,435064
"Logan Schafer","MIL",143,19,6,1,1,12,29,0.329787234,0.5,"Logan Schafer",7937,502582
"Tim Beckham","TBR",223,25,7,4,9,13,69,0.308823529,0.5,"Tim Beckham",7949,542921
"Hanley Ramirez","BOS",430,68,12,1,19,21,71,0.296407185,0.5,"Hanley Ramirez",8001,434670
"Devon Travis","TOR",238,40,18,0,8,18,43,0.284090909,0.5,"Devon Travis",13862,581527
"Jung Ho Kang","PIT",467,80,24,2,15,28,99,0.275541795,0.498452012,"Jung Ho Kang",17182,628356
"James McCann","DET",425,76,18,5,7,16,90,0.270358306,0.498371335,"James McCann",12859,543510
"Ryan Flaherty","BAL",301,34,8,3,9,26,81,0.362162162,0.497297297,"Ryan Flaherty",7888,475247
"Iván De Jesús Jr.","CIN",222,33,10,2,4,19,55,0.265306122,0.496598639,"Ivan De Jesus Jr.",9886,474443
"Ryan Braun","MIL",568,89,27,3,25,54,115,0.310432569,0.496183206,"Ryan Braun",3410,460075
"Tuffy Gosewisch","ARI",138,20,6,0,1,8,23,0.285714285,0.495238095,"Tuffy Gosewisch",5277,488912
"Rafael Ynoa","COL",131,24,8,1,0,3,28,0.313131313,0.494949494,"Rafael Ynoa",2832,501255
"J.J. Hardy","BAL",437,68,14,0,8,20,88,0.331288343,0.49386503,"J.J. Hardy",3797,429666
"Adonis García","ATL",198,31,12,0,10,5,35,0.29113924,0.493670886,"Adonis Garcia",13777,611177
"Alexei Ramirez","CHW",622,102,33,0,10,31,68,0.290944123,0.493256262,"Alexei Ramirez",5133,493351
"Mike Aviles","CLE",317,52,10,0,5,20,38,0.345238095,0.492063492,"Mike Aviles",5986,449107
"Yonder Alonso","SDP",402,76,18,1,5,42,48,0.278317152,0.491909385,"Yonder Alonso",2530,475174
"Ben Zobrist","- - -",535,77,36,3,13,62,56,0.323671497,0.490338164,"Ben Zobrist",7435,450314
"Peter Bourjos","STL",225,24,8,3,4,19,59,0.348148148,0.488888888,"Peter Bourjos",2578,488721
"Pablo Sandoval","BOS",505,79,25,1,10,25,73,0.32330827,0.488721804,"Pablo Sandoval",5409,467055
"Steve Clevenger","BAL",105,21,4,2,2,4,13,0.318181818,0.488636363,"Steve Clevenger",9542,502182
"Abraham Almonte","- - -",258,36,12,5,5,21,52,0.305882352,0.488235294,"Abraham Almonte",5486,501659
"Brett Lawrie","OAK",602,98,29,3,16,28,144,0.327014218,0.488151658,"Brett Lawrie",5247,543434
"Jimmy Paredes","BAL",384,71,17,2,10,19,111,0.277777777,0.488095238,"Jimmy Paredes",5481,517370
"Adam Rosales","TEX",125,19,4,0,3,10,30,0.357142857,0.488095238,"Adam Rosales",9682,489267
"Avisaíl García","CHW",601,110,17,2,13,36,141,0.266826923,0.487980769,"Avisail Garcia",5760,541645
"Nolan Reimold","BAL",195,30,5,1,6,23,47,0.349593495,0.487804878,"Nolan Reimold",3441,460099
"Jordy Mercer","PIT",430,72,21,0,3,27,73,0.305555555,0.48765432,"Jordy Mercer",6547,474568
"Scooter Gennett","MIL",391,71,18,4,6,12,68,0.298013245,0.486754966,"Scooter Gennett",10339,571697
"Michael Cuddyer","NYM",408,69,18,1,10,24,88,0.294520547,0.486301369,"Michael Cuddyer",1534,150212
"Carlos Correa","HOU",432,63,22,1,22,40,78,0.290734824,0.485623003,"Carlos Correa",14162,621043
"Torii Hunter","MIN",567,81,22,0,22,35,105,0.342925659,0.48441247,"Torii Hunter",731,116338
"Brad Miller","SEA",497,76,22,4,11,47,101,0.313782991,0.483870967,"Brad Miller",12775,543543
"Ryan Zimmerman","WSN",390,44,25,1,16,33,79,0.350180505,0.483754512,"Ryan Zimmerman",4220,475582
"Alexi Amarista","SDP",357,49,10,4,3,24,55,0.309963099,0.483394833,"Alexi Amarista",9063,506560
"Justin Bour","MIA",446,64,20,0,23,34,101,0.346278317,0.482200647,"Justin Bour",9744,571506
"Marcell Ozuna","MIA",494,82,27,0,10,30,110,0.307692307,0.481481481,"Marcell Ozuna",10324,542303
"Matt Holliday","STL",277,43,16,1,4,39,49,0.289617486,0.480874316,"Matt Holliday",1873,407812
"Jackie Bradley Jr.","BOS",255,24,17,4,10,27,69,0.363636363,0.48051948,"Jackie Bradley Jr.",12984,598265
"Chris Colabello","TOR",360,72,19,1,15,22,96,0.268907563,0.478991596,"Chris Colabello",13051,499624
"Justin Morneau","COL",182,36,10,3,3,13,25,0.330985915,0.478873239,"Justin Morneau",1737,408047
"Kevin Kiermaier","TBR",535,86,25,12,10,24,95,0.293103448,0.477832512,"Kevin Kiermaier",11038,595281
"Sean Rodríguez","PIT",240,38,12,1,4,5,63,0.318471337,0.477707006,"Sean Rodriguez",6589,446481
"Alcides Escobar","KCR",662,129,20,5,3,26,75,0.299256505,0.477695167,"Alcides Escobar",6310,444876
"Yadier Molina","STL",530,103,23,2,4,32,59,0.319634703,0.477168949,"Yadier Molina",7007,425877
"Chris Herrmann","MIN",113,7,5,1,2,7,37,0.353846153,0.476923076,"Chris Herrmann",9284,543302
"Brandon Crawford","SFG",561,72,33,4,21,39,119,0.335051546,0.476804123,"Brandon Crawford",5343,543063
"Chris Johnson","- - -",255,48,11,0,3,10,74,0.311764705,0.476470588,"Chris Johnson",1191,453400
"Jesús Sucre","SEA",142,13,6,0,1,6,21,0.361904761,0.476190476,"Jesus Sucre",5942,491696
"Taylor Featherston","LAA",169,17,5,1,2,7,46,0.342857142,0.476190476,"Taylor Featherston",12590,605227
"José Ramírez","CLE",355,46,14,3,6,32,39,0.361623616,0.47601476,"Jose Ramirez",13510,608070
"Wil Myers","SDP",253,35,13,1,8,27,55,0.355421686,0.475903614,"Wil Myers",10047,571976
"Travis Snider","- - -",265,37,12,2,4,26,66,0.315789473,0.47368421,"Travis Snider",2830,501983
"Michael Bourn","- - -",482,84,15,2,0,46,107,0.279742765,0.47266881,"Michael Bourn",6387,456422
"José Abreu","CHW",668,111,34,3,30,39,140,0.320675105,0.472573839,"Jose Abreu",15676,547989
"Tucker Barnhart","CIN",274,49,9,0,3,25,45,0.279187817,0.472081218,"Tucker Barnhart",10200,571466
"Odúbel Herrera","PHI",537,106,30,3,8,28,129,0.293296089,0.472067039,"Odubel Herrera",11476,546318
"Elvis Andrus","TEX",661,111,34,2,7,46,78,0.318359375,0.470703125,"Elvis Andrus",8709,462101
"Carlos González","COL",608,83,25,2,40,46,133,0.364705882,0.470588235,"Carlos Gonzalez",7287,471865
"Delino DeShields","TEX",492,77,22,10,2,53,101,0.336601307,0.470588235,"Delino DeShields",11379,592261
"Maikel Franco","PHI",335,48,22,1,14,26,52,0.347826086,0.470355731,"Maikel Franco",12179,596748
"John Ryan Murphy","NYY",172,30,9,1,3,12,43,0.295652173,0.469565217,"John Ryan Murphy",10346,571974
"Jose Lobatón","WSN",155,20,4,0,3,15,40,0.336734693,0.469387755,"Jose Lobaton",4243,446653
"Tyler Flowers","CHW",361,58,12,0,9,21,104,0.359649122,0.469298245,"Tyler Flowers",9134,452095
"Martín Maldonado","MIL",256,37,7,0,4,23,65,0.327160493,0.469135802,"Martin Maldonado",6887,455117
"Martín Prado","MIA",551,111,22,2,9,37,68,0.3,0.468181818,"Martin Prado",3312,445988
"Gerardo Parra","- - -",589,104,36,5,14,28,92,0.293986636,0.467706013,"Gerardo Parra",8553,467827
"Jose Altuve","HOU",689,141,40,4,15,33,67,0.351916376,0.466898954,"Jose Altuve",5417,514888
"Andrew Susac","SFG",148,17,7,2,3,14,43,0.344444444,0.466666666,"Andrew Susac",13132,572180
"A.J. Pierzynski","ATL",436,88,24,1,9,19,37,0.28686327,0.466487935,"A.J. Pierzynski",746,150229
"Preston Tucker","HOU",323,41,19,0,13,20,68,0.35775862,0.465517241,"Preston Tucker",13633,605512
"Jonathan Herrera","CHC",132,21,5,1,2,2,23,0.381443298,0.463917525,"Jonathan Herrera",4182,468406
"Kyle Parker","COL",112,12,3,1,3,6,37,0.318840579,0.463768115,"Kyle Parker",11763,592621
"Kevin Plawecki","NYM",258,39,9,0,3,17,60,0.337142857,0.462857142,"Kevin Plawecki",13807,608700
"Melky Cabrera","CHW",683,122,36,2,12,40,88,0.298724954,0.46265938,"Melky Cabrera",4022,466320
"Jace Peterson","ATL",597,92,23,5,6,56,120,0.3175,0.4625,"Jace Peterson",12325,607054
"Prince Fielder","TEX",693,136,28,0,23,64,88,0.354716981,0.46226415,"Prince Fielder",4613,425902
"Enrique Hernández","LAD",218,41,12,2,7,11,46,0.303797468,0.462025316,"Enrique Hernandez",10472,571771
"Adam Lind","MIL",572,87,32,0,20,66,100,0.350617283,0.461728395,"Adam Lind",8027,452252
"Michael A. Taylor","WSN",511,77,15,2,14,35,158,0.317880794,0.4602649,"Michael A. Taylor",11489,572191
"Johnny Giavotella","LAA",502,89,25,5,4,32,59,0.304785894,0.458438287,"Johnny Giavotella",6740,543213
"Josh Hamilton","TEX",182,27,8,0,8,10,52,0.316666666,0.458333333,"Josh Hamilton",1875,285078
"Michael Brantley","CLE",596,104,45,0,15,60,51,0.316666666,0.458333333,"Michael Brantley",4106,488726
"Adam Jones","BAL",581,92,25,3,27,24,102,0.363431151,0.458239277,"Adam Jones",6368,430945
"Garrett Jones","NYY",152,21,4,1,5,8,37,0.355140186,0.457943925,"Garrett Jones",2714,434540
"Chris Coghlan","CHC",503,63,25,6,16,58,94,0.341107871,0.457725947,"Chris Coghlan",6878,458085
"Rougned Odor","TEX",470,65,21,9,16,23,79,0.396501457,0.457725947,"Rougned Odor",12282,596059
"Andrés Blanco","PHI",261,36,22,3,7,21,44,0.340425531,0.457446808,"Andres Blanco",1907,433217
"Blake Swihart","BOS",309,56,17,1,5,18,77,0.276190476,0.457142857,"Blake Swihart",13176,596119
"Nelson Cruz","SEA",655,111,22,1,44,59,164,0.339578454,0.456674473,"Nelson Cruz",2434,443558
"Eric Campbell","NYM",206,23,8,0,3,26,37,0.282608695,0.456521739,"Eric Campbell",6938,493472
"Yasmani Grandal","LAD",426,55,12,0,16,65,92,0.372623574,0.456273764,"Yasmani Grandal",11368,518735
"Nick Ahmed","ARI",459,63,17,6,9,29,81,0.374622356,0.456193353,"Nick Ahmed",12147,605113
"Mitch Moreland","TEX",515,81,27,0,23,32,112,0.346153846,0.456043956,"Mitch Moreland",3086,519048
"Evan Gattis","HOU",604,81,20,11,27,30,119,0.373893805,0.455752212,"Evan Gattis",11003,594828
"Lorenzo Cain","KCR",604,113,34,6,16,37,98,0.312910284,0.455142231,"Lorenzo Cain",9077,456715
"Jerry Sands","CLE",133,19,5,1,4,9,36,0.352272727,0.454545454,"Jerry Sands",4016,543742
"Justin Maxwell","SFG",274,35,8,2,7,20,76,0.339080459,0.454022988,"Justin Maxwell",6827,452239
"Gregory Polanco","PIT",652,102,35,6,9,55,121,0.349036402,0.453961456,"Gregory Polanco",12907,570256
"George Springer","HOU",451,70,19,2,16,50,109,0.301418439,0.453900709,"George Springer",12856,543807
"Grégor Blanco","SFG",372,68,19,3,5,40,59,0.303846153,0.453846153,"Gregor Blanco",3123,453923
"Gordon Beckham","CHW",237,30,8,0,6,19,43,0.354651162,0.453488372,"Gordon Beckham",9015,493596
"Steven Souza Jr.","TBR",426,52,15,1,16,46,144,0.346666666,0.453333333,"Steven Souza Jr.",5667,519306
"Brett Gardner","NYY",656,103,26,3,16,68,135,0.338785046,0.453271028,"Brett Gardner",9927,458731
"Anthony Rendon","WSN",355,61,16,0,5,36,70,0.333333333,0.452674897,"Anthony Rendon",12861,543685
"Jacoby Ellsbury","NYY",501,92,15,2,7,35,86,0.306233062,0.452574525,"Jacoby Ellsbury",4727,453056
"Stephen Piscotty","STL",256,45,15,4,7,20,56,0.33519553,0.452513966,"Stephen Piscotty",13367,572039
"Daniel Nava","- - -",166,22,4,0,1,20,36,0.365384615,0.451923076,"Daniel Nava",5450,537953
"Ben Paulsen","COL",354,56,19,4,11,23,92,0.327659574,0.451063829,"Ben Paulsen",9741,572019
"Domonic Brown","PHI",204,31,6,1,5,14,36,0.392156862,0.450980392,"Domonic Brown",3154,502126
"Austin Hedges","SDP",152,18,2,0,3,8,38,0.362745098,0.450980392,"Austin Hedges",12976,595978
"Jake Smolinski","- - -",192,17,7,2,6,19,39,0.396946564,0.450381679,"Jake Smolinski",5408,519295
"Jason Kipnis","CLE",641,112,43,7,9,57,107,0.281385281,0.45021645,"Jason Kipnis",9776,543401
"Jake Lamb","ARI",390,66,15,5,6,36,97,0.32421875,0.44921875,"Jake Lamb",13329,571875
"Kendrys Morales","KCR",639,100,41,2,22,58,103,0.34680851,0.44893617,"Kendrys Morales",8610,434778
"Matthew den Dekker","WSN",110,13,6,1,5,9,20,0.371794871,0.448717948,"Matthew den Dekker",11385,544925
"Juan Uribe","- - -",397,60,17,0,14,34,80,0.362989323,0.448398576,"Juan Uribe",454,346874
"Brandon Phillips","CIN",623,140,19,2,12,27,68,0.302681992,0.448275862,"Brandon Phillips",791,408252
"Danny Espinosa","WSN",412,53,21,1,13,33,106,0.368,0.448,"Danny Espinosa",9219,457787
"J.T. Realmuto","MIA",467,76,21,7,10,19,70,0.338666666,0.448,"J.T. Realmuto",11739,592663
"Josh Donaldson","TOR",711,100,41,2,41,73,133,0.379032258,0.447580645,"Josh Donaldson",5038,518626
"Jonathan Lucroy","MIL",415,68,20,3,7,36,64,0.293929712,0.447284345,"Jonathan Lucroy",7870,518960
"Kolten Wong","STL",613,103,28,4,11,36,95,0.328293736,0.447084233,"Kolten Wong",12532,543939
"Sandy León","BOS",128,19,2,0,0,7,28,0.364705882,0.447058823,"Sandy Leon",5273,506702
"Didi Gregorius","NYY",578,104,24,2,9,33,85,0.340857787,0.446952595,"Didi Gregorius",6012,544369
"Logan Morrison","SEA",511,68,15,3,17,47,81,0.390374331,0.446524064,"Logan Morrison",9205,489149
"Darin Ruf","PHI",297,39,12,0,12,21,69,0.351485148,0.445544554,"Darin Ruf",9929,573131
"Carlos Santana","CLE",666,77,29,2,19,108,122,0.371229698,0.445475638,"Carlos Santana",2396,467793
"Conor Gillaspie","- - -",253,33,15,2,4,13,47,0.345549738,0.445026178,"Conor Gillaspie",9009,543216
"C.J. Cron","LAA",404,65,17,1,16,17,82,0.371237458,0.444816053,"C.J. Cron",12546,543068
"Christian Colón","KCR",119,26,5,0,0,11,17,0.288888888,0.444444444,"Christian Colon",11145,518568
"Eric Sogard","OAK",401,76,12,3,1,23,50,0.336477987,0.443396226,"Eric Sogard",7927,519299
"Marwin Gonzalez","HOU",370,65,18,1,12,16,74,0.329545454,0.443181818,"Marwin Gonzalez",5497,503556
"Daniel Descalso","COL",209,28,3,2,5,20,45,0.364285714,0.442857142,"Daniel Descalso",8392,518614
"Yasiel Puig","LAD",311,46,12,3,11,26,66,0.387096774,0.442396313,"Yasiel Puig",14225,624577
"Brandon Guyer","TBR",385,57,21,2,8,25,61,0.345724907,0.442379182,"Brandon Guyer",2636,446386
"Carlos Ruiz","PHI",320,44,13,1,2,28,43,0.334710743,0.44214876,"Carlos Ruiz",2579,434563
"Rajai Davis","DET",370,53,16,11,8,22,76,0.33460076,0.441064638,"Rajai Davis",3708,434658
"José Reyes","- - -",519,98,25,2,7,26,62,0.359036144,0.440963855,"Jose Reyes",1736,408314
"Jhonny Peralta","STL",640,115,26,1,17,50,111,0.312236286,0.44092827,"Jhonny Peralta",1738,425509
"Cliff Pennington","- - -",249,35,6,0,3,27,49,0.318471337,0.439490445,"Cliff Pennington",3395,460060
"Buster Posey","SFG",623,130,28,0,19,56,52,0.337890625,0.439453125,"Buster Posey",9166,457763
"Kelly Johnson","- - -",335,57,11,0,14,23,81,0.326086956,0.439130434,"Kelly Johnson",2234,430637
"David Lough","BAL",144,21,1,1,4,5,36,0.367346938,0.43877551,"David Lough",7215,518953
"Dustin Ackley","- - -",264,31,11,3,10,18,45,0.403061224,0.43877551,"Dustin Ackley",10099,554429
"Ryan Raburn","CLE",201,27,16,1,8,23,44,0.346153846,0.438461538,"Ryan Raburn",2218,430605
"Jesus Montero","SEA",116,14,6,0,5,4,32,0.35,0.4375,"Jesus Montero",5514,524968
"Manny Machado","BAL",713,115,30,1,35,70,111,0.384912959,0.43713733,"Manny Machado",11493,592518
"David DeJesus","- - -",317,51,9,2,5,21,52,0.327731092,0.436974789,"David DeJesus",1825,430203
"A.J. Ellis","LAD",217,27,9,0,7,32,38,0.352112676,0.436619718,"A.J. Ellis",5677,454560
"Yangervis Solarte","SDP",571,91,33,4,14,34,56,0.370762711,0.436440677,"Yangervis Solarte",5352,500208
"Chase Utley","- - -",423,48,21,2,8,32,64,0.363057324,0.436305732,"Chase Utley",1679,400284
"Kirk Nieuwenhuis","- - -",141,10,11,0,4,10,49,0.358974358,0.435897435,"Kirk Nieuwenhuis",6400,543590
"Coco Crisp","OAK",139,16,6,0,0,13,25,0.386138613,0.435643564,"Coco Crisp",1572,424825
"Paulo Orlando","KCR",251,33,14,6,7,5,53,0.342391304,0.434782608,"Paulo Orlando",8628,449181
"Hernán Pérez","- - -",272,46,15,2,1,5,59,0.344827586,0.433497536,"Hernan Perez",5751,541650
"Matt Kemp","SDP",648,101,31,3,23,39,147,0.352297592,0.433260393,"Matt Kemp",5631,461314
"Dexter Fowler","CHC",690,95,29,8,17,84,154,0.364464692,0.432801822,"Dexter Fowler",4062,451594
"Delmon Young","BAL",180,39,6,0,2,4,29,0.328767123,0.431506849,"Delmon Young",2140,430321
"Joe Panik","SFG",432,82,27,2,8,38,42,0.338192419,0.43148688,"Joe Panik",11936,605412
"Alex Rodriguez","NYY",620,75,22,1,33,84,145,0.387012987,0.431168831,"Alex Rodriguez",1274,121347
"Chase Headley","NYY",642,109,29,1,11,51,135,0.303571428,0.430803571,"Chase Headley",4720,452104
"Dalton Pompey","TOR",103,11,8,0,2,7,23,0.4,0.43076923,"Dalton Pompey",12797,592647
"Nick Hundley","COL",389,74,21,5,10,21,76,0.34375,0.430555555,"Nick Hundley",3376,460026
"Byron Buxton","MIN",138,17,7,1,2,6,44,0.430379746,0.430379746,"Byron Buxton",14161,621439
"Grady Sizemore","- - -",296,46,17,0,6,20,60,0.341121495,0.429906542,"Grady Sizemore",2197,429713
"Jonathan Schoop","BAL",321,53,17,0,15,9,79,0.377192982,0.429824561,"Jonathan Schoop",11265,570731
"Kurt Suzuki","MIN",479,82,17,0,5,29,59,0.376657824,0.429708222,"Kurt Suzuki",8259,435559
"Adam LaRoche","CHW",484,56,21,0,12,49,133,0.39527027,0.429054054,"Adam LaRoche",1904,425560
"Carl Crawford","LAD",193,33,9,2,4,10,41,0.328571428,0.428571428,"Carl Crawford",1201,408307
"Daniel Murphy","NYM",538,86,38,2,14,31,38,0.35974304,0.428265524,"Daniel Murphy",4316,502517
"Matt Wieters","BAL",282,46,14,1,8,21,67,0.319587628,0.427835051,"Matt Wieters",4298,446308
"Cameron Rupp","PHI",299,44,9,1,9,24,71,0.381909547,0.427135678,"Cameron Rupp",11146,519237
"Justin Smoak","TOR",328,32,16,1,18,29,86,0.33649289,0.426540284,"Justin Smoak",9054,475253
"Curt Casali","TBR",113,8,6,0,10,8,34,0.455882352,0.426470588,"Curt Casali",12510,592200
"Carlos Gómez","- - -",477,69,29,1,12,31,101,0.380368098,0.426380368,"Carlos Gomez",4881,460576
"Billy Hamilton","CIN",454,78,8,3,4,28,75,0.378205128,0.426282051,"Billy Hamilton",10199,571740
"Ángel Pagán","SFG",551,107,21,3,3,32,93,0.34117647,0.425882352,"Angel Pagan",2918,434636
"Pedro Ciriaco","ATL",151,27,8,1,1,2,38,0.346534653,0.425742574,"Pedro Ciriaco",5278,465674
"Khris Davis","MIL",440,52,16,2,27,44,122,0.402930402,0.424908424,"Khris Davis",9112,501981
"Brandon Barnes","COL",281,47,13,2,2,21,67,0.311827956,0.424731182,"Brandon Barnes",629,488681
"Mike Napoli","- - -",469,52,20,1,18,57,118,0.420689655,0.424137931,"Mike Napoli",3057,435063
"Marlon Byrd","- - -",544,72,25,5,23,29,145,0.363387978,0.423497267,"Marlon Byrd",950,407781
"Jorge Soler","CHC",404,67,18,1,10,32,121,0.298387096,0.423387096,"Jorge Soler",14221,624585
"Seth Smith","SEA",452,50,31,5,12,47,99,0.38,0.423333333,"Seth Smith",7331,452234
"Jedd Gyorko","SDP",458,73,15,0,16,27,107,0.366771159,0.423197492,"Jedd Gyorko",10816,576397
"Joey Votto","CIN",695,107,33,2,29,143,135,0.328431372,0.421568627,"Joey Votto",4314,458015
"James Loney","TBR",388,81,16,0,4,23,34,0.33030303,0.421212121,"James Loney",4556,425766
"Miguel Cabrera","DET",511,98,28,1,18,77,82,0.326647564,0.421203438,"Miguel Cabrera",1744,408234
"Eduardo Escobar","MIN",446,60,31,4,12,28,86,0.386503067,0.420245398,"Eduardo Escobar",6153,500871
"Carlos Pérez","LAA",283,48,13,0,4,19,49,0.382075471,0.41981132,"Carlos Perez",10642,542208
"Welington Castillo","- - -",378,46,15,1,19,25,92,0.396078431,0.419607843,"Welington Castillo",3256,456078
"Aaron Hill","ARI",353,48,18,0,6,31,54,0.382022471,0.419475655,"Aaron Hill",6104,431094
"Jake Marisnick","HOU",372,52,15,4,9,18,105,0.384279475,0.419213973,"Jake Marisnick",11339,545350
"Jake Elmore","TBR",158,22,5,0,2,12,25,0.324786324,0.418803418,"Jake Elmore",7290,518653
"Salvador Perez","KCR",553,92,25,0,21,13,82,0.374449339,0.418502202,"Salvador Perez",7304,521692
"Albert Pujols","LAA",661,85,22,0,40,50,72,0.422138836,0.418386491,"Albert Pujols",1177,405395
"Neil Walker","PIT",603,95,32,3,16,44,110,0.368181818,0.418181818,"Neil Walker",7539,435522
"Wilmer Flores","NYM",510,89,22,0,16,19,63,0.370546318,0.418052256,"Wilmer Flores",5827,527038
"Joc Pederson","LAD",585,55,19,1,26,92,170,0.424437299,0.41800643,"Joc Pederson",11899,592626
"Kole Calhoun","LAA",686,110,23,2,26,45,164,0.353944562,0.417910447,"Kole Calhoun",11200,594777
"Aaron Hicks","MIN",390,65,11,3,11,34,66,0.353571428,0.417857142,"Aaron Hicks",5297,543305
"Chris Gimenez","TEX",113,13,6,1,5,10,19,0.405063291,0.417721518,"Chris Gimenez",7324,460269
"Yoenis Cespedes","- - -",676,101,42,6,35,33,141,0.379032258,0.417338709,"Yoenis Cespedes",13110,493316
"Mark Canha","OAK",485,71,22,3,16,33,96,0.40229885,0.416666666,"Mark Canha",11445,592192
"Mark Trumbo","- - -",545,85,23,3,22,36,132,0.403183023,0.416445623,"Mark Trumbo",6876,444432
"Gio Urshela","CLE",288,45,8,1,6,18,58,0.339712918,0.416267942,"Gio Urshela",10681,570482
"Paul Goldschmidt","ARI",695,109,38,2,33,118,151,0.349881796,0.41607565,"Paul Goldschmidt",9218,502671
"Adrian Beltré","TEX",619,109,32,4,18,41,65,0.356862745,0.415686274,"Adrian Beltre",639,134181
"Derek Norris","SDP",557,80,33,2,14,35,131,0.41038961,0.415584415,"Derek Norris",6867,519083
"Alex Guerrero","LAD",230,30,9,1,11,7,57,0.390243902,0.414634146,"Alex Guerrero",15670,648717
"Mark Reynolds","STL",432,52,21,2,13,44,121,0.395437262,0.414448669,"Mark Reynolds",7619,448602
"B.J. Upton","SDP",228,32,12,4,5,21,62,0.342857142,0.414285714,"B.J. Upton",5015,425834
"Kevin Pillar","TOR",628,118,31,2,12,28,85,0.367139959,0.413793103,"Kevin Pillar",12434,607680
"Josh Harrison","PIT",449,86,29,1,4,19,71,0.335260115,0.413294797,"Josh Harrison",8202,543281
"Dan Uggla","WSN",141,14,4,2,2,19,40,0.4125,0.4125,"Dan Uggla",3442,462564
"Omar Infante","KCR",455,65,23,7,2,9,69,0.37735849,0.412398921,"Omar Infante",1609,408299
"Trevor Plouffe","MIN",632,79,35,4,22,50,124,0.406666666,0.411111111,"Trevor Plouffe",7462,461858
"Addison Russell","CHC",523,72,29,1,13,42,149,0.407407407,0.410493827,"Addison Russell",14106,608365
"Matt Adams","STL",186,28,9,0,5,10,41,0.388059701,0.410447761,"Matt Adams",9393,571431
"Troy Tulowitzki","- - -",534,92,27,0,17,38,114,0.369680851,0.409574468,"Troy Tulowitzki",3531,453064
"Freddy Galvis","PHI",603,121,14,5,7,30,103,0.368539325,0.408988764,"Freddy Galvis",6609,520471
"Eugenio Suárez","CIN",398,70,19,2,13,17,94,0.383512544,0.40860215,"Eugenio Suarez",12552,553993
"Jeff Mathis","MIA",103,8,4,1,2,7,24,0.394366197,0.408450704,"Jeff Mathis",3448,425772
"Clint Robinson","WSN",352,58,15,1,10,37,52,0.34496124,0.406976744,"Clint Robinson",6908,519208
"Franklin Gutierrez","SEA",189,24,11,0,15,14,54,0.355932203,0.406779661,"Franklin Gutierrez",3255,429711
"Matt Joyce","LAA",284,25,12,1,5,30,67,0.417582417,0.406593406,"Matt Joyce",3353,459964
"Lonnie Chisenhall","CLE",362,55,19,1,7,23,69,0.39849624,0.406015037,"Lonnie Chisenhall",7571,502082
"Alex Avila","DET",219,25,5,0,4,40,66,0.315315315,0.405405405,"Alex Avila",7476,488671
"Miguel Montero","CHC",403,60,11,0,15,49,103,0.340080971,0.404858299,"Miguel Montero",3364,471083
"Justin Ruggiano","- - -",141,16,8,1,6,14,41,0.404761904,0.404761904,"Justin Ruggiano",7620,448605
"Kyle Schwarber","CHC",273,34,6,1,16,36,77,0.423076923,0.403846153,"Kyle Schwarber",16478,656941
"John Mayberry Jr.","NYM",119,8,6,1,3,9,33,0.35064935,0.402597402,"John Mayberry Jr.",3390,460055
"Victor Martinez","DET",485,77,20,0,11,31,52,0.387341772,0.402531645,"Victor Martinez",393,400121
"Rubén Tejada","NYM",407,68,23,0,3,38,70,0.325259515,0.401384083,"Ruben Tejada",5519,514913
"Brett Wallace","SDP",107,18,6,0,5,10,31,0.307692307,0.4,"Brett Wallace",8434,477165
"Mike Moustakas","KCR",614,99,34,1,22,43,76,0.413502109,0.398734177,"Mike Moustakas",4892,519058
"Tyler Collins","DET",207,33,11,3,4,13,43,0.378378378,0.398648648,"Tyler Collins",12723,607385
"Tyler Moore","WSN",200,20,12,0,6,11,45,0.426573426,0.398601398,"Tyler Moore",7244,489138
"Alex Rios","KCR",411,70,22,2,4,15,67,0.379629629,0.398148148,"Alex Rios",2090,425567
"Aaron Altherr","PHI",161,13,11,4,5,16,41,0.37755102,0.397959183,"Aaron Altherr",11270,571437
"Jeff Francoeur","PHI",343,54,16,1,13,13,77,0.365079365,0.396825396,"Jeff Francoeur",4792,425796
"Logan Forsythe","TBR",615,100,33,2,17,55,111,0.405529953,0.396313364,"Logan Forsythe",7185,523253
"Chris Owings","ARI",552,81,27,5,4,26,144,0.341597796,0.393939393,"Chris Owings",10030,572008
"Eddie Rosario","MIN",474,75,18,15,13,15,118,0.405970149,0.391044776,"Eddie Rosario",12155,592696
"Chris Iannetta","LAA",317,31,10,0,10,41,83,0.479166666,0.390625,"Chris Iannetta",8267,455104
"Alejandro De Aza","- - -",365,54,17,7,7,31,84,0.376623376,0.389610389,"Alejandro De Aza",3371,457477
"Evan Longoria","TBR",670,106,35,1,21,51,132,0.404166666,0.389583333,"Evan Longoria",9368,446334
"Mark Teixeira","NYY",462,47,22,0,31,59,85,0.423076923,0.387820512,"Mark Teixeira",1281,407893
"Michael Conforto","NYM",194,24,14,0,9,17,39,0.386861313,0.386861313,"Michael Conforto",16376,624424
"Justin Upton","SDP",620,81,26,3,26,68,159,0.440721649,0.386597938,"Justin Upton",5222,457708
"Scott Van Slyke","LAD",253,33,14,0,6,23,62,0.423312883,0.386503067,"Scott Van Slyke",4365,475100
"Zack Cozart","CIN",214,30,10,1,9,14,29,0.421686746,0.385542168,"Zack Cozart",2616,446359
"Trayce Thompson","CHW",135,20,8,3,5,13,26,0.322916666,0.385416666,"Trayce Thompson",9952,572204
"Bryce Harper","WSN",654,91,38,1,42,124,131,0.392857142,0.385204081,"Bryce Harper",11579,547180
"Josh Reddick","OAK",582,94,25,4,20,49,65,0.406047516,0.384449244,"Josh Reddick",3892,502210
"Andre Ethier","LAD",445,75,20,7,14,43,75,0.352941176,0.383900928,"Andre Ethier",6265,444843
"Jimmy Rollins","LAD",563,76,24,3,13,44,86,0.426190476,0.383333333,"Jimmy Rollins",971,276519
"Charlie Blackmon","COL",682,119,31,9,17,46,112,0.368951612,0.383064516,"Charlie Blackmon",7859,453568
"Andrew McCutchen","PIT",685,103,36,3,23,98,133,0.382352941,0.382352941,"Andrew McCutchen",9847,457705
"Mookie Betts","BOS",654,106,42,8,18,46,82,0.4238921,0.38150289,"Mookie Betts",13611,605141
"Marcus Semien","OAK",601,98,23,7,15,42,132,0.388235294,0.38117647,"Marcus Semien",12533,543760
"Aramis Ramirez","- - -",516,68,31,1,17,31,68,0.432038834,0.381067961,"Aramis Ramirez",1002,133380
"Jonny Gomes","- - -",262,32,9,0,7,31,81,0.44217687,0.38095238,"Jonny Gomes",1845,430404
"Corey Dickerson","COL",234,38,18,2,10,10,56,0.321428571,0.38095238,"Corey Dickerson",10762,572816
"Alberto Callaspo","- - -",261,46,7,0,1,28,34,0.365482233,0.380710659,"Alberto Callaspo",3336,430948
"Michael McKenry","COL",152,12,7,3,4,22,41,0.448275862,0.379310344,"Michael McKenry",9628,502374
"René Rivera","TBR",319,34,14,0,5,11,86,0.44859813,0.378504672,"Rene Rivera",3648,425784
"Randal Grichuk","STL",350,42,23,7,17,22,110,0.41588785,0.378504672,"Randal Grichuk",10243,545341
"Cody Asche","PHI",456,67,22,3,12,26,111,0.39032258,0.377419354,"Cody Asche",11997,605125
"Stephen Drew","NYY",428,43,16,1,17,37,71,0.466453674,0.376996805,"Stephen Drew",4251,452220
"Stephen Vogt","OAK",511,74,21,3,18,56,97,0.404494382,0.376404494,"Stephen Vogt",5000,519390
"Alex Gordon","KCR",422,65,18,0,13,49,92,0.375939849,0.375939849,"Alex Gordon",5209,460086
"Travis Shaw","BOS",248,38,10,0,13,18,57,0.426900584,0.374269005,"Travis Shaw",11982,543768
"Shane Victorino","- - -",204,34,4,2,1,16,32,0.387755102,0.374149659,"Shane Victorino",1677,425664
"Geovany Soto","CHW",210,24,8,0,9,21,63,0.398373983,0.373983739,"Geovany Soto",3707,434567
"Adrián González","LAD",643,96,33,0,28,62,107,0.366952789,0.373390557,"Adrian Gonzalez",1908,408236
"Jason Castro","HOU",375,41,19,0,11,33,115,0.382222222,0.373333333,"Jason Castro",8722,488771
"José Bautista","TOR",666,64,29,3,40,110,106,0.487640449,0.373033707,"Jose Bautista",1887,430832
"Elian Herrera","MIL",277,37,18,0,7,18,72,0.378378378,0.372972972,"Elian Herrera",5432,467070
"Mike Trout","LAA",682,93,32,6,41,92,158,0.383886255,0.372037914,"Mike Trout",10155,545361
"Will Middlebrooks","SDP",270,36,7,2,9,11,60,0.422110552,0.371859296,"Will Middlebrooks",7002,519025
"Drew Stubbs","- - -",140,13,4,2,5,14,60,0.5,0.370967741,"Drew Stubbs",9328,453211
"Jay Bruce","CIN",649,66,35,4,26,58,145,0.442437923,0.37020316,"Jay Bruce",9892,457803
"Dioner Navarro","TOR",192,30,7,0,5,17,29,0.410958904,0.369863013,"Dioner Navarro",3179,425900
"Travis d'Arnaud","NYM",268,37,14,1,12,23,49,0.416666666,0.369791666,"Travis d'Arnaud",7739,518595
"Derek Dietrich","MIA",289,37,14,3,10,23,65,0.43315508,0.368983957,"Derek Dietrich",10542,518618
"David Ortiz","BOS",614,70,37,0,37,77,95,0.409502262,0.366515837,"David Ortiz",745,120074
"Josh Phegley","OAK",243,30,16,1,9,14,51,0.428571428,0.365714285,"Josh Phegley",9308,572033
"Freddie Freeman","ATL",481,70,27,0,18,56,98,0.35625,0.365625,"Freddie Freeman",5361,518692
"Héctor Gómez","MIL",134,9,11,2,1,3,40,0.364705882,0.364705882,"Hector Gomez",2264,467143
"Ryan Lavarnway","- - -",106,10,6,0,2,12,28,0.454545454,0.363636363,"Ryan Lavarnway",8879,543432
"Nick Castellanos","DET",595,86,33,6,15,39,152,0.404466501,0.362282878,"Nick Castellanos",11737,592206
"David Wright","NYM",174,32,7,0,5,22,36,0.387931034,0.362068965,"David Wright",3787,431151
"Justin Turner","LAD",439,70,26,1,16,36,71,0.36163522,0.36163522,"Justin Turner",5235,457759
"Edwin Encarnación","TOR",624,76,31,0,39,77,98,0.445454545,0.361363636,"Edwin Encarnacion",2151,429665
"Brian McCann","NYY",535,66,15,1,26,52,97,0.471698113,0.361185983,"Brian McCann",4810,435263
"Asdrúbal Cabrera","TBR",551,86,28,5,15,36,107,0.435768261,0.357682619,"Asdrubal Cabrera",4962,452678
"Chris Young","NYY",356,45,20,1,14,30,73,0.469635627,0.356275303,"Chris Young",3882,455759
"Carlos Beltrán","NYY",531,78,34,1,19,45,85,0.428571428,0.355889724,"Carlos Beltran",589,136860
"Ryan Howard","PHI",503,54,29,1,23,27,138,0.367469879,0.355421686,"Ryan Howard",2154,429667
"Robinson Chirinos","TEX",273,27,16,1,10,28,62,0.453488372,0.354651162,"Robinson Chirinos",3142,455139
"Joey Gallo","TEX",123,12,3,1,6,15,57,0.372549019,0.352941176,"Joey Gallo",14128,608336
"Kyle Seager","SEA",686,103,37,0,26,54,98,0.407619047,0.352380952,"Kyle Seager",9785,572122
"Jed Lowrie","HOU",263,28,14,0,9,28,43,0.439153439,0.349206349,"Jed Lowrie",4418,476704
"Carlos Corporán","TEX",121,12,4,0,3,6,40,0.420289855,0.347826086,"Carlos Corporan",5587,449786
"Giancarlo Stanton","MIA",318,34,12,1,27,34,95,0.44919786,0.347593582,"Giancarlo Stanton",4949,519317
"Anthony Rizzo","CHC",701,91,38,3,31,78,105,0.436213991,0.345679012,"Anthony Rizzo",3473,519203
"Hank Conger","HOU",229,24,11,0,11,23,63,0.43884892,0.345323741,"Hank Conger",2505,474233
"Nolan Arenado","COL",665,88,43,4,42,34,110,0.439071566,0.344294003,"Nolan Arenado",9777,571448
"Jayson Werth","WSN",378,44,16,1,12,38,84,0.438735177,0.343873517,"Jayson Werth",1327,150029
"Kris Bryant","CHC",650,92,31,5,26,77,199,0.452054794,0.342465753,"Kris Bryant",15429,592178
"J.D. Martinez","DET",657,95,33,2,38,53,178,0.434679334,0.342042755,"J.D. Martinez",6184,502110
"Luis Valbuena","HOU",493,54,18,0,25,50,106,0.454545454,0.339393939,"Luis Valbuena",4969,472528
"Ian Kinsler","DET",675,132,35,7,11,43,80,0.406998158,0.338858195,"Ian Kinsler",6195,435079
"Steve Pearce","BAL",325,35,13,1,15,23,69,0.464601769,0.336283185,"Steve Pearce",9957,456665
"Yan Gomes","CLE",389,50,22,0,12,13,104,0.4,0.335849056,"Yan Gomes",9627,543228
"Caleb Joseph","BAL",355,47,16,1,11,27,72,0.431451612,0.334677419,"Caleb Joseph",7087,543376
"Brian Dozier","MIN",704,77,39,4,28,61,148,0.440993788,0.333333333,"Brian Dozier",9810,572821
"Brandon Belt","SFG",556,82,33,5,18,56,147,0.379310344,0.333333333,"Brandon Belt",10264,474832
"Miguel Sanó","MIN",335,39,17,1,18,53,119,0.419753086,0.333333333,"Miguel Sano",12164,593934
"Todd Frazier","CIN",678,79,43,1,35,44,137,0.477366255,0.33127572,"Todd Frazier",785,453943
"Mikie Mahtook","TBR",115,16,5,1,9,6,31,0.438356164,0.328767123,"Mikie Mahtook",13130,543484
"Dilson Herrera","NYM",103,12,3,1,3,11,23,0.462686567,0.328358208,"Dilson Herrera",14335,599096
"Mike Zunino","SEA",386,39,11,0,11,21,132,0.5,0.325688073,"Mike Zunino",13265,572287
"Brandon Moss","- - -",526,61,24,2,19,49,148,0.470588235,0.325077399,"Brandon Moss",4467,461235
"Drew Butera","- - -",120,17,3,0,1,6,26,0.4875,0.325,"Drew Butera",3411,460077
"Max Muncy","OAK",112,9,8,1,3,9,31,0.549295774,0.323943661,"Max Muncy",13301,571970
"Nick Franklin","TBR",109,8,4,1,3,7,37,0.451612903,0.322580645,"Nick Franklin",10166,545338
"Chris Taylor","SEA",102,12,3,1,0,6,31,0.43548387,0.322580645,"Chris Taylor",13757,621035
"David Ross","CHC",182,18,9,0,1,20,61,0.49484536,0.319587628,"David Ross",1551,424325
"Chris Davis","BAL",670,72,31,0,47,84,208,0.434782608,0.317934782,"Chris Davis",9272,448801
"Jarrod Saltalamacchia","- - -",227,21,15,0,9,23,69,0.477272727,0.31060606,"Jarrod Saltalamacchia",5557,457454
"Curtis Granderson","NYM",682,89,33,2,26,91,151,0.421296296,0.30787037,"Curtis Granderson",4747,434158
"Chris Carter","HOU",460,37,17,0,24,57,151,0.518367346,0.297959183,"Chris Carter",9911,474892
"Matt Carpenter","STL",665,81,44,3,28,81,151,0.41745283,0.297169811,"Matt Carpenter",8090,572761
"Pete Kozma","STL",111,15,0,0,0,10,21,0.546666666,0.293333333,"Pete Kozma",2539,518902
"Clint Barmes","SDP",224,30,14,1,3,10,55,0.476190476,0.285714285,"Clint Barmes",1830,425549
"Colby Rasmus","HOU",485,53,23,2,25,47,154,0.516363636,0.283636363,"Colby Rasmus",9893,458675
"Lucas Duda","NYM",554,55,33,0,27,66,138,0.50595238,0.273809523,"Lucas Duda",2502,446263
"Greg Bird","NYY",178,21,9,0,11,19,53,0.514285714,0.266666666,"Greg Bird",14131,595885
"Chris Parmelee","BAL",102,9,7,1,4,4,26,0.585714285,0.214285714,"Chris Parmelee",2554,476633