Name,Level,Age,PA,GB/FB,LD%,HR/FB,SwStr%,BB%,K%,PlayerId
"Dustin Peterson","AA",29,180,1.297297297,0.227272727,0.135135135,0.13055954,0.094444444,0.283333333,"15189"
"Matt Beaty","AA",31,179,1.326086956,0.230215827,0.108695652,0.04538578,0.07821229,0.100558659,"17710"
"Josh Lester","AA",29,454,0.69503546,0.241269841,0.127659574,0.12645688,0.088105726,0.198237885,"17737"
"David Fletcher","AA",30,156,1.19047619,0.220338983,0,0.05477032,0.07051282,0.147435897,"17992"
"Brendon Davis","AA",26,468,0.758333333,0.235507246,0.075,0.10813648,0.132478632,0.232905982,"18587"
"Alex De Goti","AA",29,150,1.272727272,0.202127659,0,0.11092715,0.113333333,0.22,"19477"
"Zach Reks","AA",30,242,1.041666666,0.234375,0.0625,0.10249042,0.157024793,0.293388429,"19667"
"Caleb Hamilton","AA",29,134,0.857142857,0.212121212,0.142857142,0.14285714,0.126865671,0.350746268,"19842"
"Jared Oliva","AA",28,248,1.425925925,0.229411764,0.129629629,0.08858058,0.096774193,0.181451612,"19968"
"J.C. Escarra","AA",29,292,1.071428571,0.198156682,0.047619047,0.07509506,0.09589041,0.130136986,"20084"
"Seth Beer","AA",27,228,1.1,0.3,0.08,0.11797753,0.078947368,0.210526315,"20493"
"Dermis Garcia","AA",26,424,0.686956521,0.195020746,0.12173913,0.19080174,0.103773584,0.299528301,"20926"
"Tyler Payne","AA",31,290,2.211538461,0.223255813,0.076923076,0.14504597,0.048275862,0.18275862,"21139"
"Sebastian Rivero","AA",25,162,0.82,0.157407407,0.02,0.12195122,0.043209876,0.234567901,"21735"
"Jeremiah Jackson","AA",24,482,1.083333333,0.164133738,0.143939393,0.18100056,0.047717842,0.255186721,"22239"
"Joe Perez","AA",24,259,0.769230769,0.253246753,0.092307692,0.17707267,0.084942084,0.301158301,"22254"
"Bubba Thompson","AA",26,221,2.026315789,0.201388888,0.026315789,0.15374677,0.036199095,0.285067873,"22261"
"Gustavo Campero","AA",26,373,1.204545454,0.220883534,0.159090909,0.108555,0.10455764,0.160857908,"22707"
"Israel Pineda","AA",24,262,1.673076923,0.210227272,0.019230769,0.16020942,0.053435114,0.259541984,"22906"
"Eric Wagaman","AA",26,388,1.207920792,0.189090909,0.138613861,0.09363831,0.097938144,0.177835051,"23395"
"Jordan Groshans","AA",24,320,1.046511627,0.221238938,0.03488372,0.09493162,0.1,0.175,"23794"
"Anthony Seigler","AA",25,433,0.847457627,0.237762237,0.101694915,0.0780431,0.147806004,0.177829099,"23802"
"Jose Rodriguez","AA",23,164,1.022222222,0.241666666,0.088888888,0.10627178,0.079268292,0.12804878,"24388"
"Cody Wilson","AA",27,273,0.96,0.279411764,0.04,0.18685446,0.091575091,0.369963369,"24671"
"Mickey Gasper","AA",28,176,1.022222222,0.247933884,0.088888888,0.04373178,0.147727272,0.125,"24759"
"Heriberto Hernandez","AA",24,245,1.018181818,0.223776223,0.254545454,0.15805471,0.118367346,0.27755102,"24878"
"Justin Dean","AA",27,362,1.410958904,0.210762331,0.04109589,0.13764625,0.107734806,0.254143646,"25005"
"Will Wilson","AA",25,360,1.215189873,0.276859504,0.063291139,0.11335404,0.094444444,0.194444444,"25434"
"Cody Freeman","AA",23,518,1.229007633,0.22546419,0.106870229,0.07609756,0.071428571,0.181467181,"25629"
"Grant McCray","AA",23,208,0.8125,0.236842105,0.125,0.16324063,0.115384615,0.322115384,"25690"
"Tyler Tolbert","AA",26,462,1.604938271,0.259649122,0.049382716,0.12961803,0.082251082,0.222943722,"25779"
"C.J. Stubbs","AA",27,269,0.8,0.238461538,0.145454545,0.14811408,0.100371747,0.360594795,"25814"
"Kevin Alcantara","AA",21,325,2.571428571,0.278846153,0.214285714,0.13834951,0.092307692,0.246153846,"25971"
"Matthew Lugo","AA",23,171,0.666666666,0.29245283,0.244444444,0.10879285,0.116959064,0.210526315,"25980"
"Kenedy Corona","AA",24,325,1.43076923,0.21,0.03076923,0.13128931,0.104615384,0.236923076,"26244"
"Warming Bernabel","AA",22,506,1.013986013,0.281795511,0.062937062,0.10321797,0.035573122,0.14229249,"26536"
"Agustin Ramirez","AA",22,261,1.164179104,0.216216216,0.23880597,0.107628,0.107279693,0.164750957,"26546"
"Robert Hassell III","AA",22,264,2.31707317,0.209302325,0.121951219,0.11202467,0.109848484,0.208333333,"27482"
"Tyler Callihan","AA",24,282,1.066666666,0.274853801,0.133333333,0.14640884,0.09574468,0.276595744,"27497"
"Nick Yorke","AA",22,197,1.282608695,0.25,0.086956521,0.10087173,0.091370558,0.182741116,"27504"
"Duke Ellis","AA",26,148,2.545454545,0.170212765,0.045454545,0.08445298,0.087837837,0.216216216,"27543"
"Gage Workman","AA",24,556,1.042016806,0.25,0.151260504,0.15024521,0.116906474,0.275179856,"27573"
"Zac Veen","AA",22,145,1.307692307,0.318181818,0.192307692,0.14705882,0.110344827,0.262068965,"27770"
"Alejandro Osuna","AA",21,265,0.931506849,0.20338983,0.123287671,0.11372951,0.083018867,0.215094339,"27915"
"Petey Halpin","AA",22,405,0.754545454,0.260536398,0.109090909,0.12708205,0.106172839,0.234567901,"27931"
"Adael Amador","AA",21,455,1.333333333,0.251724137,0.150537634,0.07971014,0.136263736,0.193406593,"27962"
"Maximo Acosta","AA",21,434,1.287037037,0.244648318,0.074074074,0.09294437,0.078341013,0.133640552,"27963"
"Edgar Quero","AA",21,292,1.314285714,0.217391304,0.171428571,0.10296684,0.089041095,0.167808219,"28022"
"Jhostynxon Garcia","AA",21,126,0.76744186,0.146067415,0.046511627,0.15929204,0.047619047,0.19047619,"28142"
"Tsung-Che Cheng","AA",22,500,0.975609756,0.203278688,0.089430894,0.11690283,0.122,0.234,"28344"
"Yanquiel Fernandez","AA",21,346,1.098901098,0.232931726,0.109890109,0.14308176,0.075144508,0.190751445,"28552"
"Denzer Guzman","AA",20,342,1.105263157,0.21182266,0.078947368,0.13782302,0.105263157,0.263157894,"28816"
"Moises Ballesteros","AA",20,223,1.216666666,0.193939393,0.15,0.08466258,0.098654708,0.147982062,"28820"
"Samuel Basallo","AA",19,446,1.422680412,0.249201277,0.164948453,0.13374613,0.091928251,0.190582959,"28824"
"Carter Jensen","AA",20,170,0.483333333,0.175925925,0.133333333,0.125,0.088235294,0.264705882,"29478"
"Tim Tawa","AA",25,456,1.235849056,0.23548387,0.198113207,0.12851406,0.087719298,0.210526315,"29571"
"Ben Rice","AA",25,218,1.06,0.231343283,0.24,0.11449452,0.14678899,0.211009174,"29576"
"Chad Stevens","AA",25,159,0.780487804,0.25510204,0.073170731,0.15924658,0.075471698,0.289308176,"29614"
"Marcelo Mayer","AA",21,335,1.79032258,0.26068376,0.129032258,0.13502455,0.089552238,0.197014925,"29668"
"Braxton Fulford","AA",25,379,0.885416666,0.199115044,0.104166666,0.1352657,0.100263852,0.25065963,"29704"
"Jack Winkler","AA",25,536,1.059701492,0.21590909,0.059701492,0.1360276,0.089552238,0.218283582,"29830"
"Liam Hicks","AA",25,494,0.928057553,0.242937853,0.043165467,0.04884454,0.129554655,0.117408906,"29844"
"Denzel Clarke","AA",24,478,2.072463768,0.250883392,0.188405797,0.13503254,0.081589958,0.299163179,"29858"
"Harry Ford","AA",21,523,0.859375,0.232258064,0.0546875,0.10473934,0.141491395,0.219885277,"29958"
"Brady House","AA",21,306,1.066666666,0.209183673,0.173333333,0.14692378,0.078431372,0.245098039,"29993"
"Daylen Lile","AA",21,316,0.829268292,0.305555555,0.036585365,0.09527755,0.104430379,0.183544303,"29995"
"Bob Seymour","AA",25,292,1,0.236559139,0.126760563,0.15823367,0.075342465,0.273972602,"30028"
"Carson Williams","AA",21,505,0.936363636,0.262975778,0.181818181,0.13483685,0.114851485,0.285148514,"30038"
"Jimmy Crooks","AA",22,371,1.476923076,0.31779661,0.169230769,0.1173542,0.115902964,0.210242587,"31354"
"Nathan Church","AA",23,541,1.18,0.225118483,0.06,0.06842105,0.079482439,0.11090573,"31357"
"Graham Pauley","AA",23,160,0.647058823,0.192307692,0.078431372,0.10207612,0.1125,0.21875,"31363"
"Jakob Marsee","AA",23,510,0.712230215,0.173611111,0.064748201,0.07830189,0.156862745,0.225490196,"31370"
"Dalton Rushing","AA",23,334,0.852272727,0.227488151,0.193181818,0.10375817,0.113772455,0.206586826,"31382"
"Brooks Baldwin","AA",23,319,1.046511627,0.234782608,0.069767441,0.11853832,0.087774294,0.175548589,"31394"
"Tyler Locklear","AA",23,188,0.734693877,0.205607476,0.163265306,0.17138599,0.122340425,0.260638297,"31396"
"Ryan Ritter","AA",23,373,1.15,0.235555555,0.0875,0.13324176,0.09383378,0.235924932,"31500"
"Tim Elko","AA",25,371,1.661764705,0.213043478,0.132352941,0.17309091,0.056603773,0.293800539,"31522"
"Drake Baldwin","AA",23,217,1.181818181,0.210526315,0.072727272,0.07614213,0.092165898,0.188940092,"31539"
"Alan Roden","AA",24,244,1.293103448,0.231213872,0.120689655,0.06465517,0.118852459,0.139344262,"31564"
"Zach Cole","AA",23,295,0.528571428,0.277027027,0.142857142,0.16340426,0.081355932,0.383050847,"31583"
"Jacob Melton","AA",23,251,1.344827586,0.2,0.172413793,0.1045082,0.071713147,0.223107569,"31661"
"Alex Freeland","AA",22,341,0.975,0.240384615,0.1375,0.0873515,0.131964809,0.214076246,"31665"
"Cole Young","AA",20,552,1.259842519,0.244736842,0.070866141,0.07474111,0.121376811,0.157608695,"31680"
"Dylan Beavers","AA",22,509,0.589743589,0.220125786,0.096153846,0.09609756,0.131630648,0.225933202,"31695"
"Nacho Alvarez Jr.","AA",21,202,1.487179487,0.265151515,0,0.06988564,0.143564356,0.188118811,"31765"
"Otto Kemp","AA",24,273,0.753246753,0.210526315,0.142857142,0.14410906,0.084249084,0.227106227,"31792"
"Rhylan Thomas","AA",24,109,1.52173913,0.283950617,0,0.07611549,0.073394495,0.119266055,"31793"
"Roman Anthony","AA",20,376,1.333333333,0.1875,0.192307692,0.08925081,0.127659574,0.255319148,"31812"
"Colby Thomas","AA",23,261,0.581395348,0.28042328,0.162790697,0.13243547,0.065134099,0.180076628,"31855"
"Chandler Simpson","AA",23,358,2.862068965,0.245791245,0.017241379,0.02572347,0.081005586,0.075418994,"31912"
"Rafael Flores Jr.","AA",23,273,0.893939393,0.246987951,0.227272727,0.11906893,0.102564102,0.267399267,"31991"
"Chase DeLauter","AA",22,128,1,0.221052631,0.135135135,0.06432749,0.109375,0.1484375,"32127"
"Carson McCusker","AA",26,420,1.265822784,0.289682539,0.189873417,0.1406821,0.09047619,0.278571428,"33098"
"Ben Williamson","AA",23,411,1.75,0.214285714,0.041666666,0.07913669,0.107055961,0.236009732,"33197"
"Brice Matthews","AA",22,181,0.805555555,0.261363636,0.25,0.1488498,0.132596685,0.337016574,"33280"
"Luke Keaschall","AA",21,267,0.895522388,0.252941176,0.119402985,0.07569721,0.119850187,0.191011235,"33321"
"Matt Shaw","AA",22,371,1.206521739,0.194444444,0.152173913,0.09020979,0.1212938,0.175202156,"33322"
"Dylan Crews","AA",22,211,1.020408163,0.272058823,0.102040816,0.12919255,0.075829383,0.236966824,"33541"
"Kyle Teel","AA",22,382,0.967741935,0.2375,0.118279569,0.10968179,0.12565445,0.227748691,"33549"
"Kristian Campbell","AA",22,255,1.333333333,0.312138728,0.156862745,0.06955645,0.137254901,0.149019607,"33644"
"CJ Kayfus","AA",22,298,1.016129032,0.25595238,0.161290322,0.13533835,0.120805369,0.281879194,"33704"
"Carter Bins","AA",25,247,0.524590163,0.231404958,0.13114754,0.15353122,0.117408906,0.35222672,"sa1115884"
"Nick Kahle","AA",26,107,0.888888888,0.227272727,0.037037037,0.12413793,0.102803738,0.224299065,"sa1115979"
"Quincy McAfee","AA",26,234,1.015151515,0.193939393,0.136363636,0.10622318,0.068376068,0.179487179,"sa1159899"
"Ivan Johnson","AA",25,273,1.208333333,0.258741258,0.145833333,0.19109462,0.131868131,0.311355311,"sa1169627"
"Clay Dungan","AA",28,152,1.21875,0.219780219,0.0625,0.11057692,0.157894736,0.230263157,"sa1169803"
"Cody Milligan","AA",25,426,1.202020202,0.232394366,0.05050505,0.12711334,0.077464788,0.244131455,"sa1169818"
"Brandon Parker","AA",25,257,0.534246575,0.182481751,0.123287671,0.21148036,0.066147859,0.369649805,"sa1169878"
"Matt Lloyd","AA",28,486,1.024390243,0.226708074,0.138211382,0.09044193,0.115226337,0.20164609,"sa1169978"
"Bryce Ball","AA",25,206,0.930232558,0.224299065,0.069767441,0.16441718,0.126213592,0.325242718,"sa1170451"
"Chandler Redmond","AA",27,319,1.531914893,0.3,0.191489361,0.19391026,0.112852664,0.310344827,"sa1170749"
"Robert Perez Jr.","AA",24,476,1.34939759,0.241245136,0.108433734,0.16675993,0.109243697,0.310924369,"sa3002851"
"Ernesto Martinez Jr.","AA",25,457,1.525252525,0.235474006,0.131313131,0.11111111,0.087527352,0.168490153,"sa3003173"
"Eliezer Alfonzo","AA",24,396,1.38095238,0.251497005,0.085714285,0.05574211,0.058080808,0.078282828,"sa3003262"
"Luis Mieses","AA",24,136,1.235294117,0.232323232,0.176470588,0.15909091,0.029411764,0.227941176,"sa3003274"
"Jeremy Arocho","AA",25,443,2.094594594,0.210344827,0.013513513,0.06641469,0.148984198,0.178329571,"sa3004046"
"Austin Beck","AA",25,262,0.707692307,0.195652173,0.2,0.17756098,0.095419847,0.351145038,"sa3004055"
"Jancarlos Cintron","AA",29,344,1.303370786,0.226415094,0.033707865,0.08729473,0.055232558,0.145348837,"sa3004065"
"Jeisson Rosario","AA",24,292,1.808510638,0.25,0.063829787,0.10653536,0.126712328,0.256849315,"sa3004146"
"Jordy Barley","AA",24,129,1.454545454,0.15625,0.09090909,0.16042781,0.155038759,0.341085271,"sa3004148"
"Abrahan Gutierrez","AA",24,180,1.369565217,0.215827338,0,0.07438017,0.038888888,0.161111111,"sa3004263"
"Logan Warmoth","AA",28,181,1.46875,0.247619047,0.03125,0.13772455,0.154696132,0.243093922,"sa3004813"
"Micael Ramirez","AA",25,160,1.65625,0.254385964,0.09375,0.0851735,0.09375,0.16875,"sa3004883"
"Lamar Sparks","AA",25,392,1.346666666,0.266666666,0.133333333,0.15117057,0.084183673,0.298469387,"sa3004932"
"Adam Hall","AA",25,208,1.967741935,0.233333333,0,0.11155378,0.110576923,0.245192307,"sa3005077"
"Tyler Dearden","AA",25,105,1.19047619,0.323529411,0,0.13972603,0.066666666,0.257142857,"sa3005103"
"Jeferson Morales","AA",25,371,1,0.266666666,0.09090909,0.10900833,0.080862533,0.153638814,"sa3005472"
"Carlos Rodriguez","AA",23,372,1.593023255,0.212014134,0.046511627,0.04072727,0.112903225,0.110215053,"sa3005478"
"Miguel Hiraldo","AA",23,168,1.892857142,0.27027027,0.035714285,0.15495208,0.053571428,0.238095238,"sa3005486"
"Keyber Rodriguez","AA",23,387,1.158878504,0.177935943,0.074766355,0.10140845,0.059431524,0.193798449,"sa3005488"
"Jesus Valdez","AA",26,222,1.155555555,0.270676691,0.111111111,0.12733645,0.099099099,0.288288288,"sa3005492"
"Fabian Pertuz","AA",23,158,1.5,0.247311827,0.107142857,0.16403785,0.050632911,0.335443037,"sa3005500"
"Allan Cerda","AA",24,105,0.5,0.224137931,0.166666666,0.17899761,0.123809523,0.304761904,"sa3005504"
"Alexfri Planez","AA",22,425,0.914529914,0.194244604,0.136752136,0.17259906,0.037647058,0.289411764,"sa3005515"
"Luis Toribio","AA",23,239,0.869565217,0.258620689,0.173913043,0.1703854,0.112970711,0.376569037,"sa3005541"
"Neyfy Castillo","AA",23,213,1.121951219,0.262711864,0.121951219,0.18951132,0.079812206,0.361502347,"sa3005544"
"Rainer Nunez","AA",23,433,2.211267605,0.221843003,0.169014084,0.12667054,0.101616628,0.200923787,"sa3005551"
"Daniel Vellojin","AA",24,215,0.981481481,0.183206106,0.037037037,0.11149425,0.144186046,0.237209302,"sa3005587"
"Alberto Rodriguez","AA",23,384,1.419753086,0.228346456,0.037037037,0.12850308,0.057291666,0.268229166,"sa3005603"
"Ronaiker Palma","AA",24,209,2.108108108,0.184397163,0.027027027,0.05910165,0.119617224,0.162679425,"sa3005624"
"Stanley Consuegra","AA",23,221,0.965517241,0.161764705,0.051724137,0.17027027,0.054298642,0.285067873,"sa3005628"
"Dalvy Rosario","AA",23,131,1.064516129,0.247058823,0.032258064,0.15086207,0.038167938,0.27480916,"sa3005712"
"Brandon Valenzuela","AA",23,347,0.686274509,0.248908296,0.088235294,0.13123561,0.095100864,0.23054755,"sa3005729"
"Junior Perez","AA",22,390,1.138888888,0.248780487,0.111111111,0.14574403,0.107692307,0.353846153,"sa3005744"
"Diego Hernandez","AA",23,395,1.789473684,0.205992509,0.105263157,0.12643678,0.040506329,0.24556962,"sa3005759"
"Rolando Espinosa","AA",23,300,0.732394366,0.267857142,0.14084507,0.17199017,0.096666666,0.336666666,"sa3005774"
"Yoyner Fajardo","AA",25,265,2.065217391,0.225274725,0,0.09819639,0.132075471,0.139622641,"sa3005938"
"Pablo Aliendo","AA",23,231,0.508196721,0.258064516,0.163934426,0.17305586,0.103896103,0.324675324,"sa3006220"
"Bladimir Restituyo","AA",22,444,1.318965517,0.192192192,0.043103448,0.14532374,0.056306306,0.164414414,"sa3006621"
"Orlando Martinez","AA",26,324,0.773195876,0.245614035,0.051546391,0.09455128,0.126543209,0.157407407,"sa3006664"
"Jake Anchia","AA",27,290,0.780487804,0.231578947,0.109756097,0.16847826,0.031034482,0.293103448,"sa3006674"
"Kendall Simmons","AA",24,228,1.478260869,0.167883211,0.195652173,0.12928177,0.074561403,0.285087719,"sa3006867"
"Trey Harris","AA",28,202,1.634146341,0.217391304,0,0.14424411,0.04950495,0.232673267,"sa3006876"
"Kristian Robinson","AA",23,419,1.736842105,0.22,0.192982456,0.15977654,0.150357995,0.357995226,"sa3006884"
"Luis Verdugo","AA",23,447,1.266055045,0.260479041,0.018348623,0.08203593,0.076062639,0.165548098,"sa3006888"
"Carlos De La Cruz","AA",24,279,1.283018867,0.24375,0.150943396,0.1787037,0.086021505,0.304659498,"sa3006903"
"Jeremy Eierman","AA",27,260,0.684931506,0.206451612,0.164383561,0.15039063,0.057692307,0.319230769,"sa3007005"
"Frainyer Chavez","AA",25,297,1.37704918,0.260204081,0.06557377,0.09812667,0.114478114,0.205387205,"sa3007019"
"Grant Witherspoon","AA",27,157,1.15625,0.188235294,0.09375,0.18294574,0.108280254,0.337579617,"sa3007047"
"Ramon Mendoza","AA",23,188,2.111111111,0.25,0.111111111,0.11588542,0.132978723,0.218085106,"sa3007513"
"Max Burt","AA",27,237,0.793103448,0.1875,0.086206896,0.17573696,0.071729957,0.337552742,"sa3007631"
"Nick Schnell","AA",24,326,1.371428571,0.220657276,0.128571428,0.17985612,0.076687116,0.239263803,"sa3007639"
"Nicholas Northcut","AA",25,425,0.539568345,0.180076628,0.187050359,0.1915734,0.065882352,0.30117647,"sa3007640"
"Sean Roby","AA",25,172,1.068181818,0.125,0.113636363,0.16493314,0.093023255,0.302325581,"sa3007788"
"Elih Marrero","AA",27,183,0.980392156,0.192,0.117647058,0.1452514,0.087431693,0.213114754,"sa3007822"
"Connor Hollis","AA",29,362,2.7,0.265873015,0.04,0.09372579,0.063535911,0.157458563,"sa3007870"
"Wilderd Patino","AA",22,268,3,0.194630872,0.133333333,0.18907988,0.063432835,0.350746268,"sa3007874"
"Ezequiel Pagan","AA",23,233,0.692307692,0.223529411,0.076923076,0.09451575,0.034334763,0.210300429,"sa3007975"
"Onix Vega","AA",25,124,0.96875,0.258823529,0.03125,0.07930368,0.137096774,0.169354838,"sa3008007"
"Kyle Datres","AA",28,268,0.968253968,0.184210526,0.142857142,0.11929171,0.138059701,0.264925373,"sa3008029"
"Connor Scott","AA",24,241,0.811594202,0.208860759,0.057971014,0.17350528,0.066390041,0.25726141,"sa3008080"
"Cole Roederer","AA",24,181,0.644444444,0.237113402,0.022222222,0.15019763,0.14917127,0.298342541,"sa3008184"
"Andy Weber","AA",26,149,0.871794871,0.291262135,0.102564102,0.11818182,0.080536912,0.194630872,"sa3008282"
"Jaylen Palmer","AA",23,310,0.898305084,0.243243243,0.20338983,0.19536424,0.106451612,0.383870967,"sa3008297"
"Nick Decker","AA",24,203,0.85,0.195652173,0.15,0.20166074,0.103448275,0.438423645,"sa3008590"
"Diego Cartaya","AA",22,192,0.809523809,0.283018867,0.119047619,0.15263158,0.140625,0.291666666,"sa3008742"
"Juan Guerrero","AA",22,124,1.6,0.22,0.066666666,0.10309278,0.056451612,0.120967741,"sa3008759"
"Victor Bericoto","AA",22,479,1.525773195,0.250764525,0.113402061,0.13965227,0.06263048,0.240083507,"sa3008767"
"Dayan Frias","AA",22,429,1.234042553,0.210526315,0.053191489,0.11976744,0.114219114,0.242424242,"sa3008768"
"Alex De Jesus","AA",22,425,1.5,0.266409266,0.105263157,0.15561066,0.082352941,0.28,"sa3008842"
"Jose Ramos","AA",23,506,0.893805309,0.216117216,0.150442477,0.17052314,0.112648221,0.339920948,"sa3008845"
"Alexander Vargas","AA",22,256,1.014492753,0.210227272,0.057971014,0.13650794,0.04296875,0.25390625,"sa3008851"
"Gabriel Martinez","AA",21,397,1.024590163,0.190163934,0.049180327,0.09410112,0.070528967,0.156171284,"sa3008865"
"Brayan Buelvas","AA",22,131,1.428571428,0.227272727,0.035714285,0.11201629,0.061068702,0.259541984,"sa3008868"
"J.J. D'Orazio","AA",22,284,1.491525423,0.25,0.084745762,0.10438024,0.080985915,0.214788732,"sa3008876"
"Euribiel Angeles","AA",22,108,1.909090909,0.255813953,0.045454545,0.09831461,0.055555555,0.12037037,"sa3008877"
"Geraldo Quintero","AA",22,338,1.333333333,0.191111111,0.038461538,0.11529412,0.097633136,0.195266272,"sa3008942"
"Carlos Mendoza","AA",24,515,1.941860465,0.22392638,0.058139534,0.07482014,0.13592233,0.172815533,"sa3008944"
"Felix Stevens","AA",24,247,1.5,0.193548387,0.175,0.18609407,0.137651821,0.344129554,"sa3008946"
"Miguel Palma","AA",22,193,1.41025641,0.216666666,0.076923076,0.15500686,0.113989637,0.248704663,"sa3009279"
"Eddinson Paulino","AA",21,295,0.731707317,0.256544502,0.036585365,0.14468085,0.098305084,0.223728813,"sa3009538"
"Yohendrick Pinango","AA",22,352,1.16091954,0.213389121,0.057471264,0.09415808,0.096590909,0.210227272,"sa3009539"
"Morgan McCullough","AA",26,203,1.068181818,0.208695652,0.09090909,0.10384615,0.147783251,0.261083743,"sa3009868"
"Trevor Schwecke","AA",26,282,1.607843137,0.252808988,0.098039215,0.1253508,0.088652482,0.244680851,"sa3009874"
"Aaron Bracho","AA",23,405,0.746153846,0.189285714,0.061538461,0.10205352,0.088888888,0.197530864,"sa3010018"
"Jairo Pomares","AA",23,336,1.207792207,0.220183486,0.155844155,0.16,0.035714285,0.25,"sa3010023"
"Joe Naranjo","AA",23,128,1.03125,0.166666666,0.03125,0.13117871,0.125,0.265625,"sa3010025"
"Christian Cairo","AA",23,156,2.272727272,0.225806451,0.09090909,0.10596026,0.121794871,0.243589743,"sa3010028"
"Brandon Lewis","AA",25,269,0.757575757,0.2,0.136363636,0.19179304,0.096654275,0.349442379,"sa3010035"
"J.T. Arruda","AA",26,442,1.397849462,0.225694444,0.032258064,0.1250774,0.09276018,0.210407239,"sa3010036"
"Yordys Valdes","AA",22,411,1.637681159,0.222222222,0.115942028,0.15865385,0.107055961,0.299270072,"sa3010037"
"DJ Gladney","AA",22,105,1.56,0.157894736,0.24,0.15426997,0.038095238,0.219047619,"sa3010043"
"Ripken Reyes","AA",27,506,0.947368421,0.247093023,0.030075187,0.05953031,0.088932806,0.124505928,"sa3010159"
"Kellen Strahm","AA",27,300,1.905660377,0.226130653,0.094339622,0.09098568,0.116666666,0.203333333,"sa3010278"
"Cooper Johnson","AA",26,300,0.522727272,0.207100591,0.159090909,0.12872084,0.146666666,0.26,"sa3010584"
"Jake Holton","AA",26,410,1.365853658,0.236220472,0.170731707,0.08663819,0.107317073,0.221951219,"sa3010599"
"Colin Barber","AA",23,282,0.777777777,0.24260355,0.111111111,0.1348528,0.074468085,0.301418439,"sa3010696"
"Cade Bunnell","AA",27,247,1.052631578,0.227722772,0.026315789,0.16636364,0.186234817,0.39271255,"sa3010702"
"Sammy Siani","AA",23,394,1.554216867,0.21189591,0.060240963,0.13253012,0.088832487,0.205583756,"sa3010704"
"Daniel Mateo","AA",22,208,1.087719298,0.125,0.087719298,0.17991632,0.0625,0.245192307,"sa3010886"
"Kervin Pichardo","AA",22,459,1.18095238,0.202090592,0.104761904,0.15807759,0.058823529,0.278867102,"sa3011260"
"Jase Bowen","AA",23,450,0.892561983,0.228956228,0.082644628,0.14901478,0.064444444,0.235555555,"sa3011267"
"Jeremy De La Rosa","AA",22,180,1.130434782,0.100917431,0.108695652,0.13157895,0.088888888,0.288888888,"sa3011329"
"Darrien Miller","AA",23,403,0.906976744,0.271111111,0.023255813,0.0604815,0.158808933,0.203473945,"sa3011330"
"Phil Clarke","AA",26,121,1.058823529,0.270833333,0,0.04545455,0.132231404,0.041322314,"sa3011379"
"Hunter Bishop","AA",26,105,0.958333333,0.241935483,0.083333333,0.19660194,0.085714285,0.314285714,"sa3011413"
"Marcus Lee Sang","AA",23,425,1.616279069,0.210526315,0.15116279,0.12754805,0.070588235,0.235294117,"sa3011445"
"Stephen Scott","AA",27,111,0.896551724,0.225352112,0.172413793,0.14175258,0.108108108,0.216216216,"sa3011469"
"Yolbert Sanchez","AA",27,331,1.898305084,0.326771653,0.033898305,0.08731466,0.039274924,0.160120845,"sa3011471"
"Dasan Brown","AA",22,119,0.866666666,0.2,0,0.14084507,0.050420168,0.285714285,"sa3011717"
"Jordan Brewer","AA",26,334,1.093023255,0.213973799,0.081395348,0.12919463,0.077844311,0.19760479,"sa3011737"
"Erick Brito","AA",22,161,1.19047619,0.245901639,0,0.1194605,0.04347826,0.155279503,"sa3011753"
"Shane Sasaki","AA",23,250,1.306122448,0.226027397,0.020408163,0.12156448,0.116,0.276,"sa3011754"
"Willy Vasquez","AA",22,371,1.507246376,0.237885462,0.072463768,0.18405797,0.064690026,0.318059299,"sa3011821"
"Trei Cruz","AA",25,440,0.971962616,0.232727272,0.084112149,0.13832335,0.111363636,0.254545454,"sa3014420"
"Baron Radcliff","AA",25,168,1.478260869,0.229729729,0.217391304,0.19298246,0.089285714,0.470238095,"sa3014424"
"Alerick Soularie","AA",24,160,1.451612903,0.155555555,0.096774193,0.10492846,0.10625,0.25,"sa3014436"
"Carson Taylor","AA",25,450,1.212765957,0.257142857,0.170212765,0.10260677,0.148888888,0.213333333,"sa3014468"
"Anthony Servideo","AA",25,304,1.196721311,0.157232704,0.081967213,0.132263,0.138157894,0.315789473,"sa3014472"
"Aaron Sabato","AA",25,350,1.318181818,0.23880597,0.151515151,0.15527489,0.108571428,0.297142857,"sa3014494"
"Kaden Polcovich","AA",25,287,1,0.221556886,0.046153846,0.12365145,0.114982578,0.257839721,"sa3014496"
"Freddy Zamora","AA",25,107,1.6,0.223880597,0.1,0.09898477,0.121495327,0.186915887,"sa3014500"
"David Calabrese","AA",21,136,1.217391304,0.25,0.173913043,0.12792793,0.169117647,0.301470588,"sa3014507"
"Austin Hendrick","AA",23,474,0.669291338,0.193916349,0.086614173,0.22867092,0.052742616,0.364978902,"sa3014521"
"Casey Martin","AA",25,352,0.474137931,0.169902912,0.077586206,0.13069016,0.068181818,0.306818181,"sa3014524"
"A.J. Vukovich","AA",22,512,1.835443037,0.255813953,0.215189873,0.15293561,0.09375,0.298828125,"sa3014525"
"Blaze Jordan","AA",21,380,1.150442477,0.203278688,0.061946902,0.10281797,0.047368421,0.121052631,"sa3014537"
"Milan Tolentino","AA",22,441,0.791666666,0.237588652,0.075,0.14974937,0.092970521,0.253968253,"sa3014544"
"Jimmy Glowenke","AA",25,392,0.79047619,0.244979919,0.066666666,0.1339779,0.081632653,0.224489795,"sa3014548"
"Zavier Warren","AA",25,370,0.652173913,0.128440366,0.095652173,0.12432432,0.116216216,0.264864864,"sa3014549"
"Arol Vera","AA",21,277,1.275862068,0.214285714,0.017241379,0.14818182,0.068592057,0.303249097,"sa3014687"
"Emmanuel Rodriguez","AA",21,167,0.903225806,0.233766233,0.258064516,0.09365994,0.251497005,0.275449101,"sa3014693"
"Alex Ramirez","AA",21,542,1.240310077,0.185915492,0.038759689,0.11504425,0.101476014,0.226937269,"sa3014695"
"Zach Britton","AA",25,231,0.909090909,0.1796875,0.072727272,0.13874066,0.09090909,0.32034632,"sa3014821"
"J.C. Correa","AA",25,172,1.722222222,0.289855072,0.055555555,0.08798646,0.058139534,0.127906976,"sa3014823"
"Elijah Dunham","AA",26,394,0.854166666,0.264462809,0.15625,0.1496326,0.106598984,0.271573604,"sa3014827"
"Noah Campbell","AA",25,169,1.37037037,0.255813953,0.074074074,0.10451977,0.165680473,0.295857988,"sa3014878"
"Sahid Valenzuela","AA",26,118,2.75,0.127906976,0,0.0988764,0.059322033,0.186440677,"sa3014882"
"Matthew Dyer","AA",25,135,1.071428571,0.183098591,0.035714285,0.1761658,0.111111111,0.34074074,"sa3014883"
"William Simoneit","AA",27,140,0.7,0.227272727,0.1,0.14451827,0.071428571,0.4,"sa3014885"
"Bryson Horne","AA",25,396,1.302325581,0.191836734,0.093023255,0.18766756,0.068181818,0.29040404,"sa3014891"
"Francisco Urbaez","AA",26,315,1.253012048,0.179824561,0.084337349,0.07372881,0.098412698,0.133333333,"sa3014944"
"Paul Witt","AA",26,181,0.903846153,0.214285714,0.153846153,0.11915535,0.044198895,0.243093922,"sa3014949"
"Jacob Buchberger","AA",26,426,1.620253164,0.22761194,0.088607594,0.11677019,0.112676056,0.234741784,"sa3014987"
"Victor Labrada","AA",24,218,0.918367346,0.241935483,0.102040816,0.14776632,0.082568807,0.307339449,"sa3015062"
"Brandon McIlwain","AA",26,171,1.285714285,0.22330097,0.085714285,0.16592593,0.081871345,0.257309941,"sa3015076"
"Aaron Palensky","AA",25,193,0.9,0.188034188,0.02,0.11082138,0.150259067,0.202072538,"sa3015077"
"TT Bowens","AA",26,336,0.930232558,0.216981132,0.139534883,0.15151515,0.059523809,0.279761904,"sa3015107"
"Ethan Workinger","AA",22,121,1.212121212,0.206521739,0.03030303,0.10772834,0.082644628,0.157024793,"sa3015166"
"Deyvison De Los Santos","AA",21,162,1.724137931,0.288288288,0.48275862,0.21440823,0.074074074,0.222222222,"sa3015168"
"Wilfred Veras","AA",21,536,1.44347826,0.197142857,0.139130434,0.16862545,0.063432835,0.261194029,"sa3015178"
"Yeiner Fernandez","AA",21,419,1.343137254,0.213815789,0.029411764,0.09334204,0.093078758,0.133651551,"sa3015182"
"Adrian Sugastey","AA",21,191,1.413043478,0.223776223,0.02173913,0.12859304,0.02617801,0.198952879,"sa3015190"
"Jeremy Rivas","AA",21,459,1.471910112,0.292604501,0.033707865,0.0977354,0.100217864,0.185185185,"sa3015193"
"Kala'i Rosario","AA",21,299,1.895833333,0.172619047,0.166666666,0.10007819,0.107023411,0.304347826,"sa3015199"
"Jean Walters","AA",22,130,1.5,0.184782608,0.033333333,0.09388646,0.046153846,0.169230769,"sa3015236"
"Jared Serna","AA",22,175,1.648648648,0.203252032,0.054054054,0.1484375,0.08,0.188571428,"sa3015579"
"Allan Castro","AA",21,117,1.772727272,0.128571428,0.045454545,0.10730594,0.111111111,0.256410256,"sa3016084"
"Diego Velasquez","AA",20,170,1.714285714,0.339130434,0.035714285,0.09294872,0.094117647,0.170588235,"sa3016144"
"Frederick Bencosme","AA",21,504,0.977443609,0.273480662,0.060150375,0.07675792,0.097222222,0.162698412,"sa3016779"
"Spencer Packard","AA",26,227,1.196078431,0.243243243,0.098039215,0.06016598,0.149779735,0.167400881,"sa3016803"
"Tanner Murray","AA",24,448,1.484848484,0.28488372,0.07070707,0.11574074,0.046875,0.162946428,"sa3016805"
"Marcos Castanon","AA",25,466,1.34,0.230263157,0.13,0.13505402,0.096566523,0.223175965,"sa3016818"
"Cole Cummings","AA",26,517,0.961904761,0.272084805,0.095238095,0.18181818,0.096711798,0.334622823,"sa3016830"
"Tanner Allen","AA",26,148,1.4,0.242105263,0.066666666,0.1005291,0.094594594,0.229729729,"sa3016854"
"Zach Zubia","AA",26,274,0.632352941,0.218309859,0.147058823,0.11695906,0.138686131,0.317518248,"sa3016861"
"Myles Emmerson","AA",26,119,1.391304347,0.20289855,0.04347826,0.0960334,0.142857142,0.235294117,"sa3016862"
"Tyler McDonough","AA",25,325,1.644067796,0.227722772,0.084745762,0.13053613,0.083076923,0.283076923,"sa3016869"
"Mike Antico","AA",26,276,1.013333333,0.205263157,0.12,0.11182109,0.079710144,0.195652173,"sa3016922"
"Abimelec Ortiz","AA",22,476,0.9140625,0.229559748,0.140625,0.11403048,0.105042016,0.218487394,"sa3016926"
"Ben Ramirez","AA",25,329,1.615384615,0.18660287,0.03076923,0.11701245,0.060790273,0.264437689,"sa3016950"
"Andy Thomas","AA",26,432,0.946428571,0.243055555,0.044642857,0.09140108,0.099537037,0.201388888,"sa3016953"
"Tyler Hardman","AA",25,309,1.048387096,0.153333333,0.129032258,0.16628702,0.106796116,0.388349514,"sa3016955"
"Chris Meyers","AA",25,503,0.926829268,0.233009708,0.146341463,0.13063764,0.091451292,0.258449304,"sa3016956"
"Caleb Roberts","AA",24,485,1.257425742,0.232323232,0.198019801,0.12722372,0.113402061,0.24742268,"sa3016959"
"Tyler Tolve","AA",23,326,0.773809523,0.211640211,0.13095238,0.19010819,0.049079754,0.343558282,"sa3016960"
"Corey Rosier","AA",24,116,0.94117647,0.185185185,0.029411764,0.09719222,0.094827586,0.198275862,"sa3016961"
"Grant Richardson","AA",24,431,1.580246913,0.223048327,0.111111111,0.18297872,0.074245939,0.280742459,"sa3016964"
"Cooper Bowman","AA",24,371,1.296296296,0.221757322,0.148148148,0.09103544,0.123989218,0.202156334,"sa3016966"
"Austin Murr","AA",25,273,0.7625,0.229508196,0.1,0.07630162,0.102564102,0.201465201,"sa3016967"
"Ben Malgeri","AA",24,470,1.545454545,0.271375464,0.155844155,0.14721346,0.091489361,0.314893617,"sa3016975"
"Ben Cowles","AA",24,395,0.788135593,0.215613382,0.076271186,0.12545855,0.103797468,0.177215189,"sa3016976"
"Aaron McKeithan","AA",24,191,1.142857142,0.227941176,0.020408163,0.07660167,0.089005235,0.157068062,"sa3016977"
"Noah Mendlinger","AA",23,401,2.84375,0.185430463,0,0.05595787,0.072319201,0.124688279,"sa3017001"
"Jack Rogers","AA",25,242,2.048780487,0.166666666,0.097560975,0.14285714,0.053719008,0.314049586,"sa3017017"
"Alex Binelas","AA",24,350,1.108433734,0.178403755,0.096385542,0.12014134,0.131428571,0.248571428,"sa3017044"
"Ethan Murray","AA",24,317,1.711864406,0.183673469,0.033898305,0.13043478,0.104100946,0.246056782,"sa3017051"
"Ruben Ibarra","AA",25,326,1.026666666,0.25490196,0.16,0.15149197,0.088957055,0.251533742,"sa3017053"
"Drake Osborn","AA",25,217,1.215686274,0.236486486,0.039215686,0.1409396,0.055299539,0.230414746,"sa3017077"
"Cal Conley","AA",24,515,1.698113207,0.227027027,0.028301886,0.11264612,0.083495145,0.176699029,"sa3017080"
"Wyatt Young","AA",24,380,1.096385542,0.265822784,0.048192771,0.08709889,0.128947368,0.207894736,"sa3017081"
"Tyler Miller","AA",24,226,0.898550724,0.210843373,0.014492753,0.11970979,0.07079646,0.168141592,"sa3017109"
"Peyton Wilson","AA",24,517,1.114754098,0.206153846,0.114754098,0.13160569,0.131528046,0.222437137,"sa3017110"
"Dillan Shrum","AA",26,457,0.711711711,0.24,0.144144144,0.15359298,0.098468271,0.315098468,"sa3017111"
"Phillip Sikes","AA",25,432,0.57364341,0.178137651,0.100775193,0.15114873,0.097222222,0.291666666,"sa3017113"
"Shawn Goosenberg","AA",24,128,1.3125,0.168539325,0.0625,0.14473684,0.0703125,0.2109375,"sa3017116"
"River Town","AA",24,249,0.984375,0.225609756,0.015625,0.07329843,0.164658634,0.13253012,"sa3017118"
"Bennett Hostetler","AA",26,164,1.131578947,0.181818181,0.026315789,0.16962843,0.042682926,0.335365853,"sa3017120"
"Austin Gauthier","AA",25,110,1.04,0.25,0.16,0.0738255,0.2,0.145454545,"sa3017121"
"Donta' Williams","AA",25,177,1.566666666,0.252427184,0,0.10632184,0.163841807,0.237288135,"sa3017152"
"Connor Pavolony","AA",24,210,0.735849056,0.2,0.056603773,0.14896074,0.104761904,0.323809523,"sa3017156"
"Cody Morissette","AA",24,418,0.674603174,0.221402214,0.079365079,0.14277035,0.071770334,0.258373205,"sa3017158"
"Nic Kent","AA",24,364,1.34939759,0.1875,0.024096385,0.11882716,0.063186813,0.228021978,"sa3017160"
"John Rhodes","AA",23,413,1.066666666,0.213768115,0.076190476,0.11925466,0.075060532,0.237288135,"sa3017162"
"Zach Kokoska","AA",25,398,0.669902912,0.232142857,0.194174757,0.15261538,0.087939698,0.306532663,"sa3017165"
"Garrett Spain","AA",23,369,0.87755102,0.192982456,0.112244897,0.15506547,0.092140921,0.268292682,"sa3017174"
"Collin Burns","AA",24,371,1.48,0.240816326,0.066666666,0.09202013,0.078167115,0.21832884,"sa3017176"
"Damon Keith","AA",24,318,1.136363636,0.233695652,0.242424242,0.15047022,0.10062893,0.295597484,"sa3017179"
"Rowdey Jordan","AA",25,466,0.923728813,0.211805555,0.076271186,0.13120176,0.090128755,0.263948497,"sa3017214"
"Ryan Higgins","AA",24,257,1.018518518,0.167938931,0.129629629,0.16356108,0.077821011,0.342412451,"sa3017220"
"Vaun Brown","AA",26,145,0.444444444,0.1875,0.083333333,0.2698145,0.048275862,0.489655172,"sa3017282"
"Shane McGuire","AA",25,297,1.654545454,0.25510204,0.072727272,0.07485282,0.151515151,0.175084175,"sa3017284"
"James Triantos","AA",21,391,1.606382978,0.236760124,0.074468085,0.06076135,0.051150895,0.0971867,"sa3017295"
"Mat Nelson","AA",25,300,0.828947368,0.210227272,0.052631578,0.10789474,0.1,0.226666666,"sa3017328"
"Ethan Wilson","AA",24,352,1.084210526,0.198380566,0.094736842,0.12862191,0.071022727,0.213068181,"sa3017329"
"Dru Baker","AA",24,467,2.394736842,0.213414634,0,0.10836609,0.072805139,0.205567451,"sa3017331"
"Braiden Ward","AA",25,323,1.3,0.25,0.083333333,0.12477876,0.074303405,0.250773993,"sa3017332"
"Matt Rudick","AA",25,491,0.602564102,0.193548387,0.051282051,0.09251559,0.130346232,0.215885947,"sa3017334"
"Terrell Tatum","AA",24,495,1.53125,0.179054054,0.052083333,0.11993769,0.119191919,0.262626262,"sa3017338"
"JT Schwartz","AA",24,262,0.847222222,0.24,0.069444444,0.07344633,0.148854961,0.156488549,"sa3017371"
"Paul McIntosh","AA",26,480,1.461538461,0.202492211,0.115384615,0.113612,0.104166666,0.197916666,"sa3017372"
"Joe Mack","AA",21,475,1.205607476,0.215946843,0.205607476,0.14262473,0.096842105,0.256842105,"sa3017374"
"Luca Tresh","AA",24,400,0.92,0.255813953,0.14,0.12198304,0.0925,0.245,"sa3017394"
"Justice Thompson","AA",23,252,1.304347826,0.253521126,0.108695652,0.17258383,0.087301587,0.317460317,"sa3017395"
"Jose Torres","AA",24,279,0.763888888,0.252941176,0.069444444,0.170347,0.060931899,0.29390681,"sa3017396"
"Brenden Dixon","AA",23,224,0.836363636,0.198412698,0.145454545,0.12849162,0.107142857,0.308035714,"sa3017397"
"Nathan Hickey","AA",24,106,0.73076923,0.150943396,0,0.09471366,0.216981132,0.264150943,"sa3017398"
"Austin Callahan","AA",23,216,0.88,0.241935483,0.06,0.15219976,0.111111111,0.300925925,"sa3017407"
"Jackson Glenn","AA",26,249,1.214285714,0.162162162,0.071428571,0.14767932,0.07630522,0.301204819,"sa3017478"
"Casey Opitz","AA",25,155,0.923076923,0.147727272,0.051282051,0.11960133,0.148387096,0.264516129,"sa3017509"
"Christian Franklin","AA",24,427,2.924528301,0.190661478,0.094339622,0.0937682,0.166276346,0.208430913,"sa3017510"
"Noah Miller","AA",21,136,1.055555555,0.244897959,0,0.07984791,0.044117647,0.205882352,"sa3017512"
"Kahlil Watson","AA",21,407,0.759259259,0.188034188,0.148148148,0.15841584,0.103194103,0.307125307,"sa3017513"
"Kyler Fedko","AA",24,294,0.808988764,0.174358974,0.033707865,0.09855565,0.12585034,0.200680272,"sa3017561"
"Andres Sosa","AA",26,208,1.580645161,0.272727272,0.129032258,0.11708483,0.120192307,0.302884615,"sa3017605"
"Noah Cardenas","AA",24,305,1.098591549,0.167597765,0.070422535,0.090625,0.140983606,0.232786885,"sa3017624"
"Anthony Vilar","AA",25,100,1.461538461,0.319148936,0.076923076,0.10307018,0.18,0.32,"sa3017660"
"Logan Cerny","AA",24,130,1.321428571,0.235294117,0.071428571,0.15789474,0.061538461,0.284615384,"sa3017661"
"Kenny Piper","AA",25,243,0.512820512,0.144927536,0.089743589,0.15292949,0.111111111,0.296296296,"sa3017664"
"Aaron Zavala","AA",24,498,0.792,0.197132616,0.04,0.12294239,0.126506024,0.279116465,"sa3017665"
"Connor Kokx","AA",24,109,1.136363636,0.298507462,0,0.13819095,0.073394495,0.23853211,"sa3017735"
"Jake Rucker","AA",24,515,1.08759124,0.259067357,0.06569343,0.10479376,0.067961165,0.149514563,"sa3017757"
"Mason Auer","AA",23,331,0.852272727,0.223809523,0.068181818,0.14701378,0.0755287,0.262839879,"sa3017791"
"Hao-Yu  Lee","AA",21,386,1.222222222,0.197080291,0.121212121,0.10810811,0.085492227,0.178756476,"sa3017863"
"Brady Allen","AA",24,410,0.978021978,0.213973799,0.098901098,0.16321559,0.080487804,0.33902439,"sa3018098"
"Jason Matthews","AA",27,418,0.8317757,0.203252032,0.037383177,0.1256068,0.102870813,0.279904306,"sa3018152"
"Alsander Womack","AA",25,147,1.375,0.247524752,0.03125,0.07485605,0.074829931,0.204081632,"sa3018214"
"Nelson Rada","AA",18,502,2.765625,0.230031948,0.015625,0.1177394,0.113545816,0.233067729,"sa3018421"
"Griffin Lockwood-Powell","AA",26,469,0.819548872,0.221864951,0.105263157,0.09437964,0.085287846,0.230277185,"sa3019303"
"Hogan Windish","AA",25,518,1.147368421,0.244444444,0.157894736,0.15641146,0.125482625,0.322393822,"sa3019805"
"Jacob Berry","AA",23,425,0.956896551,0.240802675,0.077586206,0.12055838,0.072941176,0.204705882,"sa3019825"
"R.J. Yeager","AA",25,467,0.699421965,0.185595567,0.086705202,0.10461339,0.068522483,0.128479657,"sa3019840"
"Tucker Flint","AA",23,506,1.106382978,0.274725274,0.170212765,0.13047712,0.140316205,0.296442687,"sa3019856"
"Ivan Melendez","AA",24,442,0.880733944,0.217557251,0.201834862,0.18593272,0.076923076,0.300904977,"sa3019859"
"Chris Rotondo","AA",25,187,1.222222222,0.215686274,0.083333333,0.13812155,0.058823529,0.347593582,"sa3019861"
"Romeo Sanabria","AA",22,136,0.96,0.363636363,0.04,0.09638554,0.154411764,0.279411764,"sa3019865"
"Ben Gobbel","AA",24,255,1.121212121,0.222222222,0.121212121,0.143982,0.039215686,0.231372549,"sa3019870"
"Keshawn Ogans","AA",22,393,1.018018018,0.197132616,0.009009009,0.12763069,0.06870229,0.190839694,"sa3019893"
"Bubba Alleyne","AA",25,325,1.114285714,0.26,0.085714285,0.12028302,0.101538461,0.267692307,"sa3019902"
"Javi Vaz","AA",23,523,0.869281045,0.227027027,0.052287581,0.04101563,0.139579349,0.114722753,"sa3019906"
"Taylor Young","AA",25,547,1.103448275,0.258358662,0.034482758,0.08159481,0.10786106,0.252285191,"sa3019907"
"Caleb Ricketts","AA",24,308,1.388059701,0.195979899,0.104477611,0.0935085,0.103896103,0.198051948,"sa3019917"
"Cade Fergus","AA",23,137,0.833333333,0.153846153,0.133333333,0.15063521,0.102189781,0.394160583,"sa3019919"
"Eric Brown Jr.","AA",23,441,0.848484848,0.202614379,0.03030303,0.10024752,0.092970521,0.188208616,"sa3019923"
"Robert Moore","AA",22,435,0.975,0.220394736,0.075,0.10093458,0.089655172,0.167816091,"sa3019928"
"Jacob Burke","AA",23,256,1.396226415,0.175324675,0,0.14115308,0.1015625,0.26171875,"sa3019934"
"Collin Price","AA",24,320,0.606060606,0.208955223,0.101010101,0.13832384,0.1125,0.24375,"sa3019935"
"Jud Fabian","AA",23,422,0.655172413,0.186440677,0.155172413,0.14714899,0.109004739,0.298578199,"sa3019942"
"David McCabe","AA",24,141,1.32,0.205479452,0.08,0.14189189,0.170212765,0.29787234,"sa3019964"
"Spencer Jones","AA",23,544,1.451219512,0.284697508,0.207317073,0.17965654,0.099264705,0.367647058,"sa3019969"
"Chris Newell","AA",23,113,1.842105263,0.15625,0.105263157,0.16179775,0.097345132,0.327433628,"sa3019971"
"Brennan Milone","AA",23,548,0.648484848,0.242339832,0.09090909,0.08778449,0.107664233,0.213503649,"sa3019974"
"Silas Ardoin","AA",23,417,1,0.248979591,0.04347826,0.09137636,0.112709832,0.278177458,"sa3019976"
"Nathan Martorella","AA",23,527,0.771604938,0.228494623,0.111111111,0.1123315,0.092979127,0.182163187,"sa3019978"
"Kody Huff","AA",23,389,1,0.209677419,0.071428571,0.1042059,0.113110539,0.223650385,"sa3019982"
"Gavin Cross","AA",23,436,0.962616822,0.25,0.140186915,0.1396064,0.103211009,0.240825688,"sa3019985"
"Caeden Trenkle","AA",23,267,0.8,0.192307692,0.057142857,0.16391853,0.093632958,0.307116104,"sa3019991"
"Cayden Wallace","AA",22,185,1.594594594,0.278195488,0.081081081,0.14691943,0.059459459,0.178378378,"sa3019996"
"Daniel Susac","AA",23,370,1.235294117,0.233870967,0.14117647,0.1402214,0.043243243,0.259459459,"sa3019997"
"Sterlin Thompson","AA",23,518,1.639175257,0.24260355,0.134020618,0.13212435,0.083011583,0.235521235,"sa3019999"
"Henry Bolte","AA",20,227,3.05,0.28318584,0.2,0.19200888,0.088105726,0.387665198,"sa3020006"
"Blake Rambusch","AA",24,216,4.85,0.193103448,0,0.06775701,0.11574074,0.171296296,"sa3020008"
"Tanner Schobel","AA",23,520,0.872340425,0.209580838,0.070921985,0.09388972,0.113461538,0.238461538,"sa3020009"
"Kevin Graham","AA",24,347,1.907407407,0.226600985,0.092592592,0.14920194,0.09221902,0.305475504,"sa3020087"
"Jorel Ortega","AA",23,417,0.821428571,0.215384615,0.089285714,0.13616759,0.105515587,0.244604316,"sa3020090"
"Harrison Spohn","AA",25,313,0.76,0.175,0.093333333,0.16347687,0.095846645,0.373801916,"sa3020093"
"Josh Hatcher","AA",25,454,1.833333333,0.255892255,0.153846153,0.19189511,0.066079295,0.268722466,"sa3020115"
"Tres Gonzalez","AA",23,363,1.784615384,0.255144032,0,0.08374384,0.077134986,0.20661157,"sa3020121"
"Tommy Sacco Jr.","AA",25,448,0.95,0.237785016,0.083333333,0.10600707,0.116071428,0.185267857,"sa3020125"
"Ryan Clifford","AA",20,405,0.777777777,0.188940092,0.181818181,0.12157534,0.155555555,0.288888888,"sa3020126"
"Matt Higgins","AA",24,119,2.111111111,0.282051282,0.055555555,0.13238771,0.100840336,0.226890756,"sa3020128"
"Nick Cimillo","AA",24,185,0.737704918,0.158730158,0.06557377,0.08489209,0.118918918,0.172972972,"sa3020129"
"Haydn McGeary","AA",24,407,1.452054794,0.22173913,0.164383561,0.11869619,0.095823095,0.309582309,"sa3020133"
"Jett Williams","AA",20,101,0.73076923,0.237288135,0,0.10752688,0.0990099,0.247524752,"sa3020134"
"Carter Howell","AA",25,505,1.218181818,0.275964391,0.027272727,0.08775617,0.093069306,0.196039603,"sa3020139"
"Devonte Brown","AA",24,413,0.948051948,0.261083743,0.129870129,0.11812865,0.130750605,0.35835351,"sa3020189"
"Mario Camilletti","AA",25,204,0.75510204,0.27118644,0.040816326,0.05022831,0.220588235,0.186274509,"sa3020192"
"Dom Keegan","AA",23,442,1.19047619,0.201388888,0.085714285,0.08774929,0.113122171,0.203619909,"sa3020194"
"Michael Turconi","AA",25,296,1.9,0.275,0.05,0.11609907,0.148648648,0.277027027,"sa3020195"
"Cade Doughty","AA",23,114,1.28,0.24,0.04,0.16990291,0.043859649,0.271929824,"sa3020196"
"Cortland Lawson","AA",24,391,1.45,0.231372549,0,0.11629576,0.076726342,0.225063938,"sa3020202"
"Josh Kasevich","AA",23,393,1.764705882,0.251592356,0.035294117,0.05458681,0.06615776,0.106870229,"sa3020203"
"Jalen Battles","AA",24,286,1.301587301,0.216216216,0.015873015,0.12420671,0.073426573,0.244755244,"sa3020205"
"Dylan O'Rae","AA",20,298,2.837837837,0.179190751,0.027027027,0.06793703,0.151006711,0.238255033,"sa3020220"
"Ryan Wrobleski","AA",24,137,1.461538461,0.247058823,0.038461538,0.16210938,0.06569343,0.262773722,"sa3020239"
"Justin Crawford","AA",20,180,3.23076923,0.197080291,0.115384615,0.08333333,0.061111111,0.161111111,"sa3020240"
"Ryan McCarty","AA",25,286,0.75,0.209677419,0.107142857,0.14135626,0.062937062,0.258741258,"sa3020244"
"Dalton Shuffield","AA",25,139,1.206896551,0.247058823,0.137931034,0.16441006,0.093525179,0.273381294,"sa3020270"
"Ben Ross","AA",23,458,1.047619047,0.223826714,0.104761904,0.13987138,0.087336244,0.296943231,"sa3020353"
"Matt Coutney","AA",24,114,1.2,0.266666666,0.05,0.17467249,0.087719298,0.368421052,"sa3020413"
"Andrew Cossetti","AA",24,368,0.712765957,0.206896551,0.085106382,0.15810811,0.111413043,0.3125,"sa3020493"
"Xavier Isaac","AA",20,133,1.588235294,0.2,0.176470588,0.20863309,0.157894736,0.406015037,"sa3020498"
"Kevin Parada","AA",22,454,0.70338983,0.179591836,0.110169491,0.20469799,0.099118942,0.337004405,"sa3020575"
"Joe Lampe","AA",23,406,1.347368421,0.214788732,0.042105263,0.09881423,0.08866995,0.192118226,"sa3020642"
"Michael Turner","AA",25,385,1.955882352,0.192771084,0.029411764,0.06618094,0.129870129,0.2,"sa3020658"
"Andrew Pintar","AA",23,191,1.342105263,0.239316239,0,0.12638889,0.104712041,0.246073298,"sa3020715"
"Geisel Cepeda","AA",26,183,2.212121212,0.220588235,0.03030303,0.05602241,0.092896174,0.12568306,"sa3020717"
"Gabriel Rincones Jr.","AA",23,258,0.898305084,0.286624203,0.186440677,0.12106768,0.116279069,0.255813953,"sa3020758"
"Jack Pineda","AA",24,155,1.875,0.241758241,0.125,0.11713287,0.083870967,0.238709677,"sa3020762"
"Turner Hill","AA",25,222,1.016666666,0.234177215,0,0.05889145,0.108108108,0.139639639,"sa3020943"
"Dakota Harris","AA",22,168,1.333333333,0.243243243,0.027777777,0.1471519,0.053571428,0.244047619,"sa3022431"
"Brock Rodden","AA",24,266,0.773333333,0.222222222,0.066666666,0.12487611,0.067669172,0.278195488,"sa3022432"
"Mac McCroskey","AA",24,246,1.5,0.253731343,0.025,0.13842975,0.105691056,0.31300813,"sa3022444"
"Jacob Gonzalez","AA",22,407,1.097345132,0.242811501,0.044247787,0.08196721,0.068796068,0.14004914,"sa3022498"
"Brock Wilken","AA",22,471,0.823529411,0.184210526,0.142857142,0.1177394,0.133757961,0.282377919,"sa3022499"
"Jeron Williams","AA",23,154,1.514285714,0.228070175,0.085714285,0.1119403,0.064935064,0.175324675,"sa3022566"
"Josh Rivera","AA",23,368,1.109756097,0.213636363,0.048780487,0.11950098,0.108695652,0.285326086,"sa3022590"
"RJ Schreck","AA",23,148,0.425531914,0.238636363,0.106382978,0.1107438,0.135135135,0.229729729,"sa3022602"
"Brett Bateman","AA",22,128,4.8,0.265822784,0,0.05916031,0.1171875,0.2265625,"sa3022603"
"Mike Boeve","AA",22,289,1.666666666,0.276190476,0.105263157,0.06750675,0.093425605,0.169550173,"sa3022658"
"Andrew Pinckney","AA",23,487,2.264705882,0.264900662,0.102941176,0.14947917,0.073921971,0.266940451,"sa3022670"
"Yohandy Morales","AA",22,282,2.075,0.28488372,0.125,0.14587332,0.109929078,0.244680851,"sa3022672"
"Justin Wishkoski","AA",23,120,1.133333333,0.219512195,0.066666666,0.10688836,0.083333333,0.175,"sa3022686"
"Jared Wegner","AA",24,358,1.323529411,0.18556701,0.102941176,0.11610738,0.117318435,0.293296089,"sa3022695"
"Pascanel Ferreras","AA",22,359,1.515151515,0.235023041,0.09090909,0.16313094,0.103064066,0.272980501,"sa3022702"
"Dominic Pitelli","AA",22,319,1.390625,0.223350253,0.015625,0.11732283,0.100313479,0.257053291,"sa3022809"
"Austin Deming","AA",24,112,0.866666666,0.2,0.233333333,0.12528474,0.116071428,0.232142857,"sa3022813"
"Matthew Etzel","AA",22,270,1.13559322,0.263157894,0.118644067,0.13658071,0.092592592,0.266666666,"sa3022815"
"Charles McAdoo","AA",22,261,0.729729729,0.184713375,0.108108108,0.14829659,0.103448275,0.275862068,"sa3022823"
"Jonathon Long","AA",22,200,1.142857142,0.291338582,0.166666666,0.0730198,0.175,0.165,"sa3022864"
"Enrique Bradfield Jr.","AA",22,120,1.64,0.223529411,0.04,0.06392694,0.125,0.116666666,"sa3022917"
"Brayden Taylor","AA",22,125,0.5625,0.206349206,0.1875,0.14512922,0.12,0.368,"sa3022921"
"Cooper Ingle","AA",22,103,1.409090909,0.253521126,0.09090909,0.05567929,0.13592233,0.155339805,"sa3023069"
"Sam Brown","AA",22,505,1.485436893,0.240356083,0.038834951,0.12004345,0.087128712,0.207920792,"sa3023367"
"Matt Hogan","AA",24,185,1.026315789,0.094117647,0.026315789,0.18286445,0.124324324,0.383783783,"sa3023375"
"David Mershon","AA",21,130,1.791666666,0.202380952,0,0.09003831,0.092307692,0.238461538,"sa3025335"
"Ray-Patrick Didder","AA",29,441,0.734513274,0.203252032,0.079646017,0.1154519,0.1292517,0.263038548,"sa736824"
"Michael De La Cruz","AA",31,274,1.157142857,0.229591836,0.014285714,0.06499536,0.120437956,0.135036496,"sa736830"
"Robbie Tenerowicz","AA",29,466,1.448979591,0.202657807,0.122448979,0.09841629,0.075107296,0.184549356,"sa738999"
"Rodolfo Duran","AA",26,243,1.031746031,0.260115606,0.142857142,0.12443439,0.053497942,0.205761316,"sa877500"
"Bryan Torres","AA",26,528,2.022222222,0.266846361,0.022222222,0.05537151,0.130681818,0.142045454,"sa885119"
"Juan Zabala","AA",24,209,1.729729729,0.251851851,0.081081081,0.13449564,0.076555023,0.263157894,"sa913717"
"Ricardo Genoves","AA",25,108,0.214285714,0.215384615,0.119047619,0.17505995,0.111111111,0.268518518,"sa916844"
"Miguel Hernandez","AA",25,193,2.194444444,0.243421052,0.027777777,0.1320132,0.025906735,0.150259067,"sa917055"
"Ismael Munguia","AA",25,194,1.018181818,0.274509803,0.09090909,0.06456241,0.077319587,0.072164948,"sa917132"
"Leonel Valera","AA",24,290,1.701754385,0.23,0.017543859,0.13147793,0.044827586,0.24137931,"sa917320"
"Julio E. Rodriguez","AA",27,104,1.391304347,0.266666666,0.04347826,0.16513761,0.048076923,0.211538461,"sa917669"
"Lolo Sanchez","AA",25,133,1.4,0.208791208,0,0.08039216,0.09774436,0.17293233,"sa917767"
"Tyler Neslony","AA",30,144,2.035714285,0.212962962,0,0.10431655,0.048611111,0.194444444,"sa918131"
"Matt Fraizer","AA",26,218,0.947368421,0.165413533,0.087719298,0.12035996,0.091743119,0.270642201,"sa918983"
"Luis Santana","AA",24,115,0.9375,0.162162162,0,0.10154525,0.095652173,0.191304347,"sa921577"